name,team,league,role,games,goal,assist,xG,xA,key_passes,form_rating,goals_per_game,assists_per_game,xG_per_game,xA_per_game,key_passes_per_game,minutes_per_game,price
JuventusPlayer5,Juventus,Serie A,A,31,2,9,7.5,23.58,30,1.45,0.06451612903225806,0.2903225806451613,7.5,23.58,30,14.5,10
JuventusPlayer6,Juventus,Serie A,A,22,2,9,8.89,3.51,0,1.06,0.09090909090909091,0.4090909090909091,8.89,3.51,0,10.600000000000001,10
JuventusPlayer7,Juventus,Serie A,A,14,15,5,10.29,10.6,31,3.14,1.0714285714285714,0.35714285714285715,10.29,10.6,31,31.400000000000002,10
JuventusPlayer8,Juventus,Serie A,D,23,2,9,7.99,15.73,58,1.76,0.08695652173913043,0.391304347826087,7.99,15.73,58,17.6,10
JuventusPlayer9,Juventus,Serie A,P,19,8,5,14.25,6.17,37,1.95,0.42105263157894735,0.2631578947368421,14.25,6.17,37,19.5,10
JuventusPlayer10,Juventus,Serie A,P,35,7,9,18.28,10.24,19,1.33,0.2,0.2571428571428571,18.28,10.24,19,13.3,10
JuventusPlayer11,Juventus,Serie A,C,7,4,6,4.92,3.83,18,2.94,0.5714285714285714,0.8571428571428571,4.92,3.83,18,29.4,10
JuventusPlayer12,Juventus,Serie A,P,32,15,7,3.38,18.42,39,1.49,0.46875,0.21875,3.38,18.42,39,14.9,10
JuventusPlayer13,Juventus,Serie A,C,14,7,3,7.38,5.78,25,1.83,0.5,0.21428571428571427,7.38,5.78,25,18.3,10
JuventusPlayer14,Juventus,Serie A,D,36,7,4,28.36,15.29,1,1.52,0.19444444444444445,0.1111111111111111,28.36,15.29,1,15.2,10
InterPlayer5,Inter,Serie A,D,11,2,8,4.58,1.42,27,1.7,0.18181818181818182,0.7272727272727273,4.58,1.42,27,17.0,10
InterPlayer6,Inter,Serie A,D,29,1,6,22.38,10.16,14,1.41,0.034482758620689655,0.20689655172413793,22.38,10.16,14,14.1,10
InterPlayer7,Inter,Serie A,A,27,11,0,23.6,20.9,48,2.23,0.4074074074074074,0.0,23.6,20.9,48,22.3,10
InterPlayer8,Inter,Serie A,A,26,3,3,6.78,13.2,27,1.1,0.11538461538461539,0.11538461538461539,6.78,13.2,27,11.0,10
InterPlayer9,Inter,Serie A,A,34,5,3,17.89,5.66,36,1.03,0.14705882352941177,0.08823529411764706,17.89,5.66,36,10.3,10
InterPlayer10,Inter,Serie A,C,17,4,3,4.84,6.22,16,1.16,0.23529411764705882,0.17647058823529413,4.84,6.22,16,11.6,10
InterPlayer11,Inter,Serie A,P,22,7,6,3.4,14.76,28,1.54,0.3181818181818182,0.2727272727272727,3.4,14.76,28,15.4,10
InterPlayer12,Inter,Serie A,P,14,8,6,6.06,5.66,18,1.97,0.5714285714285714,0.42857142857142855,6.06,5.66,18,19.7,10
InterPlayer13,Inter,Serie A,A,36,0,5,22.57,13.43,2,1.14,0.0,0.1388888888888889,22.57,13.43,2,11.399999999999999,10
InterPlayer14,Inter,Serie A,A,7,6,9,3.83,0.89,7,2.92,0.8571428571428571,1.2857142857142858,3.83,0.89,7,29.2,10
MilanPlayer5,Milan,Serie A,D,35,12,7,16.58,21.65,9,1.66,0.34285714285714286,0.2,16.58,21.65,9,16.599999999999998,10
MilanPlayer6,Milan,Serie A,C,12,12,3,4.72,9.37,44,2.79,1.0,0.25,4.72,9.37,44,27.9,10
MilanPlayer7,Milan,Serie A,A,38,2,7,6.41,14.16,3,0.79,0.05263157894736842,0.18421052631578946,6.41,14.16,3,7.9,10
MilanPlayer8,Milan,Serie A,P,15,2,9,11.06,2.76,43,1.94,0.13333333333333333,0.6,11.06,2.76,43,19.4,10
MilanPlayer9,Milan,Serie A,D,5,12,1,1.13,2.7,0,3.37,2.4,0.2,1.13,2.7,0,33.7,10
MilanPlayer10,Milan,Serie A,A,8,1,8,1.6,1.89,8,1.66,0.125,1.0,1.6,1.89,8,16.599999999999998,10
MilanPlayer11,Milan,Serie A,P,10,12,3,1.55,6.87,22,2.56,1.2,0.3,1.55,6.87,22,25.6,10
MilanPlayer12,Milan,Serie A,C,10,14,6,4.33,1.27,29,2.85,1.4,0.6,4.33,1.27,29,28.5,10
MilanPlayer13,Milan,Serie A,C,18,8,1,2.22,5.76,48,1.21,0.4444444444444444,0.05555555555555555,2.22,5.76,48,12.1,10
MilanPlayer14,Milan,Serie A,A,34,13,9,27.83,22.93,2,2.15,0.38235294117647056,0.2647058823529412,27.83,22.93,2,21.5,10
NapoliPlayer5,Napoli,Serie A,D,6,3,7,1.27,2.07,58,3.19,0.5,1.1666666666666667,1.27,2.07,58,31.9,10
NapoliPlayer6,Napoli,Serie A,P,22,11,5,3.69,11.46,33,1.57,0.5,0.22727272727272727,3.69,11.46,33,15.700000000000001,10
NapoliPlayer7,Napoli,Serie A,A,16,5,1,10.91,12.06,30,2.0,0.3125,0.0625,10.91,12.06,30,20.0,10
NapoliPlayer8,Napoli,Serie A,A,14,5,6,11.12,7.61,43,2.43,0.35714285714285715,0.42857142857142855,11.12,7.61,43,24.3,10
NapoliPlayer9,Napoli,Serie A,C,24,4,9,11.2,8.45,40,1.53,0.16666666666666666,0.375,11.2,8.45,40,15.3,10
NapoliPlayer10,Napoli,Serie A,C,13,8,8,6.24,8.74,4,2.41,0.6153846153846154,0.6153846153846154,6.24,8.74,4,24.1,10
NapoliPlayer11,Napoli,Serie A,D,5,5,0,1.92,2.47,42,2.72,1.0,0.0,1.92,2.47,42,27.200000000000003,10
NapoliPlayer12,Napoli,Serie A,C,13,4,2,10.75,10.2,42,2.4,0.3076923076923077,0.15384615384615385,10.75,10.2,42,24.0,10
NapoliPlayer13,Napoli,Serie A,A,33,14,10,17.88,14.97,20,1.78,0.42424242424242425,0.30303030303030304,17.88,14.97,20,17.8,10
NapoliPlayer14,Napoli,Serie A,C,7,7,6,5.69,1.88,6,3.02,1.0,0.8571428571428571,5.69,1.88,6,30.2,10
RomaPlayer5,Roma,Serie A,C,28,10,1,17.82,22.19,48,1.99,0.35714285714285715,0.03571428571428571,17.82,22.19,48,19.9,10
RomaPlayer6,Roma,Serie A,P,5,8,6,0.95,0.52,5,3.19,1.6,1.2,0.95,0.52,5,31.9,10
RomaPlayer7,Roma,Serie A,A,23,7,9,19.65,6.93,37,2.01,0.30434782608695654,0.391304347826087,19.65,6.93,37,20.099999999999998,10
RomaPlayer8,Roma,Serie A,A,25,2,0,20.94,17.19,21,1.69,0.08,0.0,20.94,17.19,21,16.9,10
RomaPlayer9,Roma,Serie A,P,34,12,4,17.74,11.87,38,1.45,0.35294117647058826,0.11764705882352941,17.74,11.87,38,14.5,10
RomaPlayer10,Roma,Serie A,C,32,4,6,8.01,21.14,23,1.3,0.125,0.1875,8.01,21.14,23,13.0,10
RomaPlayer11,Roma,Serie A,A,20,4,8,16.8,5.64,12,1.78,0.2,0.4,16.8,5.64,12,17.8,10
RomaPlayer12,Roma,Serie A,C,8,12,10,2.21,0.81,9,3.24,1.5,1.25,2.21,0.81,9,32.400000000000006,10
RomaPlayer13,Roma,Serie A,A,11,12,4,6.88,2.74,25,2.56,1.0909090909090908,0.36363636363636365,6.88,2.74,25,25.6,10
RomaPlayer14,Roma,Serie A,A,31,11,3,18.22,14.84,26,1.6,0.3548387096774194,0.0967741935483871,18.22,14.84,26,16.0,10
LazioPlayer5,Lazio,Serie A,C,31,8,10,19.13,3.16,20,1.36,0.25806451612903225,0.3225806451612903,19.13,3.16,20,13.600000000000001,10
LazioPlayer6,Lazio,Serie A,D,23,13,1,15.32,13.78,41,2.05,0.5652173913043478,0.043478260869565216,15.32,13.78,41,20.5,10
LazioPlayer7,Lazio,Serie A,D,13,5,6,7.48,4.27,18,1.89,0.38461538461538464,0.46153846153846156,7.48,4.27,18,18.9,10
LazioPlayer8,Lazio,Serie A,D,11,0,3,2.68,1.36,45,1.05,0.0,0.2727272727272727,2.68,1.36,45,10.5,10
LazioPlayer9,Lazio,Serie A,A,20,5,2,17.42,5.38,8,1.53,0.25,0.1,17.42,5.38,8,15.3,10
LazioPlayer10,Lazio,Serie A,A,15,3,9,4.48,4.39,14,1.48,0.2,0.6,4.48,4.39,14,14.8,10
LazioPlayer11,Lazio,Serie A,C,21,13,5,5.87,13.54,10,1.83,0.6190476190476191,0.23809523809523808,5.87,13.54,10,18.3,10
LazioPlayer12,Lazio,Serie A,A,29,8,4,13.98,8.26,13,1.23,0.27586206896551724,0.13793103448275862,13.98,8.26,13,12.3,10
LazioPlayer13,Lazio,Serie A,C,11,4,6,6.88,1.62,54,2.17,0.36363636363636365,0.5454545454545454,6.88,1.62,54,21.7,10
LazioPlayer14,Lazio,Serie A,P,26,8,4,3.13,3.78,22,0.81,0.3076923076923077,0.15384615384615385,3.13,3.78,22,8.100000000000001,10
AtalantaPlayer5,Atalanta,Serie A,P,19,10,4,5.89,11.37,18,1.74,0.5263157894736842,0.21052631578947367,5.89,11.37,18,17.4,10
AtalantaPlayer6,Atalanta,Serie A,A,8,6,6,0.86,4.93,39,2.71,0.75,0.75,0.86,4.93,39,27.1,10
AtalantaPlayer7,Atalanta,Serie A,D,38,14,3,15.07,7.11,46,1.15,0.3684210526315789,0.07894736842105263,15.07,7.11,46,11.5,10
AtalantaPlayer8,Atalanta,Serie A,P,15,13,1,11.35,10.19,25,2.54,0.8666666666666667,0.06666666666666667,11.35,10.19,25,25.4,10
AtalantaPlayer9,Atalanta,Serie A,D,38,15,3,13.8,14.08,43,1.32,0.39473684210526316,0.07894736842105263,13.8,14.08,43,13.200000000000001,10
AtalantaPlayer10,Atalanta,Serie A,A,7,14,1,5.37,2.29,55,4.02,2.0,0.14285714285714285,5.37,2.29,55,40.199999999999996,10
AtalantaPlayer11,Atalanta,Serie A,C,17,12,8,13.5,4.65,17,2.34,0.7058823529411765,0.47058823529411764,13.5,4.65,17,23.4,10
AtalantaPlayer12,Atalanta,Serie A,D,29,12,1,11.03,21.73,19,1.64,0.41379310344827586,0.034482758620689655,11.03,21.73,19,16.4,10
AtalantaPlayer13,Atalanta,Serie A,D,38,5,9,18.88,27.98,2,1.61,0.13157894736842105,0.23684210526315788,18.88,27.98,2,16.1,10
AtalantaPlayer14,Atalanta,Serie A,D,22,15,4,7.14,2.98,53,1.56,0.6818181818181818,0.18181818181818182,7.14,2.98,53,15.600000000000001,10
FiorentinaPlayer5,Fiorentina,Serie A,C,27,13,0,16.73,16.86,53,1.92,0.48148148148148145,0.0,16.73,16.86,53,19.2,10
FiorentinaPlayer6,Fiorentina,Serie A,C,10,5,8,5.99,6.63,33,2.89,0.5,0.8,5.99,6.63,33,28.900000000000002,10
FiorentinaPlayer7,Fiorentina,Serie A,P,31,13,4,4.0,21.87,26,1.47,0.41935483870967744,0.12903225806451613,4.0,21.87,26,14.7,10
FiorentinaPlayer8,Fiorentina,Serie A,D,12,4,10,4.43,3.75,23,2.04,0.3333333333333333,0.8333333333333334,4.43,3.75,23,20.4,10
FiorentinaPlayer9,Fiorentina,Serie A,D,12,3,7,1.33,5.12,42,1.72,0.25,0.5833333333333334,1.33,5.12,42,17.2,10
FiorentinaPlayer10,Fiorentina,Serie A,C,12,10,7,8.34,8.6,8,2.89,0.8333333333333334,0.5833333333333334,8.34,8.6,8,28.900000000000002,10
FiorentinaPlayer11,Fiorentina,Serie A,P,32,7,8,10.88,10.29,30,1.22,0.21875,0.25,10.88,10.29,30,12.2,10
FiorentinaPlayer12,Fiorentina,Serie A,D,10,11,0,2.9,6.6,10,2.15,1.1,0.0,2.9,6.6,10,21.5,10
FiorentinaPlayer13,Fiorentina,Serie A,C,13,2,0,9.82,9.76,37,1.94,0.15384615384615385,0.0,9.82,9.76,37,19.4,10
FiorentinaPlayer14,Fiorentina,Serie A,P,21,13,7,16.69,9.15,60,2.47,0.6190476190476191,0.3333333333333333,16.69,9.15,60,24.700000000000003,10
TorinoPlayer5,Torino,Serie A,P,31,14,4,24.46,13.06,4,1.8,0.45161290322580644,0.12903225806451613,24.46,13.06,4,18.0,10
TorinoPlayer6,Torino,Serie A,P,35,6,2,8.09,15.42,55,1.06,0.17142857142857143,0.05714285714285714,8.09,15.42,55,10.600000000000001,10
TorinoPlayer7,Torino,Serie A,C,10,1,4,1.22,7.05,55,1.88,0.1,0.4,1.22,7.05,55,18.799999999999997,10
TorinoPlayer8,Torino,Serie A,P,7,6,9,4.43,5.26,53,4.28,0.8571428571428571,1.2857142857142858,4.43,5.26,53,42.800000000000004,10
TorinoPlayer9,Torino,Serie A,P,35,9,5,28.49,11.29,22,1.6,0.2571428571428571,0.14285714285714285,28.49,11.29,22,16.0,10
TorinoPlayer10,Torino,Serie A,D,24,9,8,4.53,2.9,3,1.03,0.375,0.3333333333333333,4.53,2.9,3,10.3,10
TorinoPlayer11,Torino,Serie A,A,11,13,6,5.87,4.84,49,3.15,1.1818181818181819,0.5454545454545454,5.87,4.84,49,31.5,10
TorinoPlayer12,Torino,Serie A,D,18,11,2,11.32,3.16,31,1.7,0.6111111111111112,0.1111111111111111,11.32,3.16,31,17.0,10
TorinoPlayer13,Torino,Serie A,A,13,14,7,4.49,8.72,53,3.04,1.0769230769230769,0.5384615384615384,4.49,8.72,53,30.4,10
TorinoPlayer14,Torino,Serie A,P,7,1,6,3.88,3.63,25,2.43,0.14285714285714285,0.8571428571428571,3.88,3.63,25,24.3,10
BolognaPlayer5,Bologna,Serie A,P,16,8,1,2.58,9.75,60,1.71,0.5,0.0625,2.58,9.75,60,17.1,10
BolognaPlayer6,Bologna,Serie A,D,8,3,0,7.16,2.0,39,2.01,0.375,0.0,7.16,2.0,39,20.099999999999998,10
BolognaPlayer7,Bologna,Serie A,P,25,8,4,21.91,11.15,40,1.96,0.32,0.16,21.91,11.15,40,19.6,10
BolognaPlayer8,Bologna,Serie A,A,20,2,5,14.4,4.87,44,1.53,0.1,0.25,14.4,4.87,44,15.3,10
BolognaPlayer9,Bologna,Serie A,C,31,9,8,24.91,22.89,55,2.27,0.2903225806451613,0.25806451612903225,24.91,22.89,55,22.7,10
BolognaPlayer10,Bologna,Serie A,C,16,11,9,11.46,3.94,5,2.24,0.6875,0.5625,11.46,3.94,5,22.400000000000002,10
BolognaPlayer11,Bologna,Serie A,D,12,2,7,9.81,1.23,57,2.15,0.16666666666666666,0.5833333333333334,9.81,1.23,57,21.5,10
BolognaPlayer12,Bologna,Serie A,C,13,0,4,8.5,7.46,15,1.65,0.0,0.3076923076923077,8.5,7.46,15,16.5,10
BolognaPlayer13,Bologna,Serie A,C,7,8,4,3.81,1.66,2,2.52,1.1428571428571428,0.5714285714285714,3.81,1.66,2,25.2,10
BolognaPlayer14,Bologna,Serie A,C,29,11,2,13.37,14.21,31,1.51,0.3793103448275862,0.06896551724137931,13.37,14.21,31,15.1,10
SassuoloPlayer5,Sassuolo,Serie A,C,12,0,0,10.66,8.06,41,1.9,0.0,0.0,10.66,8.06,41,19.0,10
SassuoloPlayer6,Sassuolo,Serie A,D,7,15,10,2.72,2.8,60,5.22,2.142857142857143,1.4285714285714286,2.72,2.8,60,52.199999999999996,10
SassuoloPlayer7,Sassuolo,Serie A,D,10,3,9,1.04,4.74,41,2.19,0.3,0.9,1.04,4.74,41,21.9,10
SassuoloPlayer8,Sassuolo,Serie A,P,36,8,5,22.11,11.37,4,1.3,0.2222222222222222,0.1388888888888889,22.11,11.37,4,13.0,10
SassuoloPlayer9,Sassuolo,Serie A,C,24,2,7,16.99,10.45,1,1.52,0.08333333333333333,0.2916666666666667,16.99,10.45,1,15.2,10
SassuoloPlayer10,Sassuolo,Serie A,P,24,6,3,11.69,3.24,53,1.22,0.25,0.125,11.69,3.24,53,12.2,10
SassuoloPlayer11,Sassuolo,Serie A,D,19,14,8,11.05,8.17,17,2.26,0.7368421052631579,0.42105263157894735,11.05,8.17,17,22.599999999999998,10
SassuoloPlayer12,Sassuolo,Serie A,D,26,0,8,17.63,11.23,32,1.54,0.0,0.3076923076923077,17.63,11.23,32,15.4,10
SassuoloPlayer13,Sassuolo,Serie A,C,6,0,2,1.1,4.04,55,2.11,0.0,0.3333333333333333,1.1,4.04,55,21.099999999999998,10
SassuoloPlayer14,Sassuolo,Serie A,C,37,2,10,17.11,21.69,36,1.47,0.05405405405405406,0.2702702702702703,17.11,21.69,36,14.7,10
EmpoliPlayer5,Empoli,Serie A,A,30,12,7,23.37,3.06,42,1.65,0.4,0.23333333333333334,23.37,3.06,42,16.5,10
EmpoliPlayer6,Empoli,Serie A,C,6,13,7,3.18,1.81,31,4.68,2.1666666666666665,1.1666666666666667,3.18,1.81,31,46.8,10
EmpoliPlayer7,Empoli,Serie A,P,29,7,8,8.75,9.87,5,1.18,0.2413793103448276,0.27586206896551724,8.75,9.87,5,11.799999999999999,10
EmpoliPlayer8,Empoli,Serie A,C,34,15,7,25.66,12.8,2,1.78,0.4411764705882353,0.20588235294117646,25.66,12.8,2,17.8,10
EmpoliPlayer9,Empoli,Serie A,C,23,11,9,18.91,16.89,43,2.61,0.4782608695652174,0.391304347826087,18.91,16.89,43,26.099999999999998,10
EmpoliPlayer10,Empoli,Serie A,A,10,0,5,7.82,3.66,27,1.92,0.0,0.5,7.82,3.66,27,19.2,10
EmpoliPlayer11,Empoli,Serie A,C,33,9,5,24.02,17.45,4,1.69,0.2727272727272727,0.15151515151515152,24.02,17.45,4,16.9,10
EmpoliPlayer12,Empoli,Serie A,A,31,13,7,26.37,3.29,26,1.69,0.41935483870967744,0.22580645161290322,26.37,3.29,26,16.9,10
EmpoliPlayer13,Empoli,Serie A,C,8,9,9,4.18,6.2,4,3.6,1.125,1.125,4.18,6.2,4,36.0,10
EmpoliPlayer14,Empoli,Serie A,P,21,9,5,11.51,4.07,5,1.43,0.42857142857142855,0.23809523809523808,11.51,4.07,5,14.299999999999999,10
GenoaPlayer5,Genoa,Serie A,A,30,0,2,13.06,19.55,6,1.17,0.0,0.06666666666666667,13.06,19.55,6,11.7,10
GenoaPlayer6,Genoa,Serie A,D,29,1,7,17.67,9.83,57,1.42,0.034482758620689655,0.2413793103448276,17.67,9.83,57,14.2,10
GenoaPlayer7,Genoa,Serie A,C,21,12,7,15.22,11.81,19,2.28,0.5714285714285714,0.3333333333333333,15.22,11.81,19,22.799999999999997,10
GenoaPlayer8,Genoa,Serie A,D,17,6,3,9.01,12.98,37,2.04,0.35294117647058826,0.17647058823529413,9.01,12.98,37,20.4,10
GenoaPlayer9,Genoa,Serie A,P,23,10,0,4.05,4.44,35,0.96,0.43478260869565216,0.0,4.05,4.44,35,9.6,10
GenoaPlayer10,Genoa,Serie A,P,27,4,3,8.62,19.05,44,1.45,0.14814814814814814,0.1111111111111111,8.62,19.05,44,14.5,10
GenoaPlayer11,Genoa,Serie A,A,31,14,1,18.58,4.76,14,1.28,0.45161290322580644,0.03225806451612903,18.58,4.76,14,12.8,10
GenoaPlayer12,Genoa,Serie A,C,31,9,7,13.79,6.11,4,1.17,0.2903225806451613,0.22580645161290322,13.79,6.11,4,11.7,10
GenoaPlayer13,Genoa,Serie A,C,19,5,1,4.22,14.22,9,1.33,0.2631578947368421,0.05263157894736842,4.22,14.22,9,13.3,10
GenoaPlayer14,Genoa,Serie A,A,22,3,8,9.29,9.46,25,1.47,0.13636363636363635,0.36363636363636365,9.29,9.46,25,14.7,10
LeccePlayer5,Lecce,Serie A,C,31,2,10,17.26,18.37,57,1.72,0.06451612903225806,0.3225806451612903,17.26,18.37,57,17.2,10
LeccePlayer6,Lecce,Serie A,D,34,5,6,29.92,6.98,53,1.56,0.14705882352941177,0.17647058823529413,29.92,6.98,53,15.600000000000001,10
LeccePlayer7,Lecce,Serie A,C,13,7,9,7.08,2.35,47,2.32,0.5384615384615384,0.6923076923076923,7.08,2.35,47,23.2,10
LeccePlayer8,Lecce,Serie A,D,8,10,1,2.13,1.06,3,1.81,1.25,0.125,2.13,1.06,3,18.1,10
LeccePlayer9,Lecce,Serie A,P,35,2,2,28.5,9.13,27,1.27,0.05714285714285714,0.05714285714285714,28.5,9.13,27,12.7,10
LeccePlayer10,Lecce,Serie A,P,19,2,4,13.07,10.32,31,1.71,0.10526315789473684,0.21052631578947367,13.07,10.32,31,17.1,10
LeccePlayer11,Lecce,Serie A,A,7,11,7,1.88,4.37,5,3.54,1.5714285714285714,1.0,1.88,4.37,5,35.4,10
LeccePlayer12,Lecce,Serie A,P,34,9,0,8.92,7.42,59,0.92,0.2647058823529412,0.0,8.92,7.42,59,9.200000000000001,10
LeccePlayer13,Lecce,Serie A,C,23,1,7,5.2,4.85,31,0.92,0.043478260869565216,0.30434782608695654,5.2,4.85,31,9.200000000000001,10
LeccePlayer14,Lecce,Serie A,A,19,10,10,3.62,4.27,55,1.76,0.5263157894736842,0.5263157894736842,3.62,4.27,55,17.6,10
VeronaPlayer5,Verona,Serie A,P,15,12,4,6.63,4.8,21,1.97,0.8,0.26666666666666666,6.63,4.8,21,19.7,10
VeronaPlayer6,Verona,Serie A,A,24,9,9,4.75,7.44,36,1.41,0.375,0.375,4.75,7.44,36,14.1,10
VeronaPlayer7,Verona,Serie A,D,25,2,7,4.83,8.82,12,0.95,0.08,0.28,4.83,8.82,12,9.5,10
VeronaPlayer8,Verona,Serie A,D,5,13,8,3.1,2.62,37,6.08,2.6,1.6,3.1,2.62,37,60.8,10
VeronaPlayer9,Verona,Serie A,A,36,5,9,31.85,27.04,48,2.16,0.1388888888888889,0.25,31.85,27.04,48,21.6,10
VeronaPlayer10,Verona,Serie A,C,29,0,1,7.61,10.38,45,0.81,0.0,0.034482758620689655,7.61,10.38,45,8.100000000000001,10
VeronaPlayer11,Verona,Serie A,C,25,15,6,18.94,2.74,3,1.72,0.6,0.24,18.94,2.74,3,17.2,10
VeronaPlayer12,Verona,Serie A,D,13,12,9,6.06,3.39,53,2.75,0.9230769230769231,0.6923076923076923,6.06,3.39,53,27.5,10
VeronaPlayer13,Verona,Serie A,D,24,5,9,17.19,5.09,49,1.72,0.20833333333333334,0.375,17.19,5.09,49,17.2,10
VeronaPlayer14,Verona,Serie A,A,17,1,0,4.24,2.17,3,0.45,0.058823529411764705,0.0,4.24,2.17,3,4.5,10
UdinesePlayer5,Udinese,Serie A,A,7,13,9,5.77,4.75,13,4.83,1.8571428571428572,1.2857142857142858,5.77,4.75,13,48.3,10
UdinesePlayer6,Udinese,Serie A,A,23,11,3,10.58,13.84,20,1.76,0.4782608695652174,0.13043478260869565,10.58,13.84,20,17.6,10
UdinesePlayer7,Udinese,Serie A,P,32,2,0,12.33,4.42,35,0.7,0.0625,0.0,12.33,4.42,35,7.0,10
UdinesePlayer8,Udinese,Serie A,C,5,3,7,3.79,2.14,50,4.19,0.6,1.4,3.79,2.14,50,41.900000000000006,10
UdinesePlayer9,Udinese,Serie A,A,6,11,9,3.65,1.5,33,4.74,1.8333333333333333,1.5,3.65,1.5,33,47.400000000000006,10
UdinesePlayer10,Udinese,Serie A,C,29,6,3,15.93,18.69,52,1.68,0.20689655172413793,0.10344827586206896,15.93,18.69,52,16.8,10
UdinesePlayer11,Udinese,Serie A,P,6,6,7,3.41,1.88,21,3.4,1.0,1.1666666666666667,3.41,1.88,21,34.0,10
UdinesePlayer12,Udinese,Serie A,A,16,13,10,11.46,4.87,60,2.83,0.8125,0.625,11.46,4.87,60,28.3,10
UdinesePlayer13,Udinese,Serie A,C,34,11,5,9.78,12.77,43,1.26,0.3235294117647059,0.14705882352941177,9.78,12.77,43,12.6,10
UdinesePlayer14,Udinese,Serie A,A,5,12,2,3.26,2.85,3,4.08,2.4,0.4,3.26,2.85,3,40.8,10
CagliariPlayer5,Cagliari,Serie A,C,30,7,10,10.21,3.7,22,1.1,0.23333333333333334,0.3333333333333333,10.21,3.7,22,11.0,10
CagliariPlayer6,Cagliari,Serie A,C,20,5,8,9.61,10.93,57,1.96,0.25,0.4,9.61,10.93,57,19.6,10
CagliariPlayer7,Cagliari,Serie A,A,36,8,8,23.67,24.47,46,1.91,0.2222222222222222,0.2222222222222222,23.67,24.47,46,19.099999999999998,10
CagliariPlayer8,Cagliari,Serie A,C,7,2,7,0.9,3.76,39,2.51,0.2857142857142857,1.0,0.9,3.76,39,25.099999999999998,10
CagliariPlayer9,Cagliari,Serie A,A,9,0,1,5.2,6.86,57,2.08,0.0,0.1111111111111111,5.2,6.86,57,20.8,10
CagliariPlayer10,Cagliari,Serie A,D,25,0,4,13.19,12.99,32,1.34,0.0,0.16,13.19,12.99,32,13.4,10
CagliariPlayer11,Cagliari,Serie A,P,5,10,1,1.3,2.43,38,3.71,2.0,0.2,1.3,2.43,38,37.1,10
CagliariPlayer12,Cagliari,Serie A,C,13,0,6,9.16,8.04,32,2.03,0.0,0.46153846153846156,9.16,8.04,32,20.299999999999997,10
CagliariPlayer13,Cagliari,Serie A,A,9,9,4,7.35,4.01,55,3.32,1.0,0.4444444444444444,7.35,4.01,55,33.199999999999996,10
CagliariPlayer14,Cagliari,Serie A,A,32,4,0,21.92,14.58,60,1.45,0.125,0.0,21.92,14.58,60,14.5,10
SalernitanaPlayer5,Salernitana,Serie A,A,10,7,9,5.36,3.26,16,2.62,0.7,0.9,5.36,3.26,16,26.200000000000003,10
SalernitanaPlayer6,Salernitana,Serie A,P,31,3,5,27.4,4.42,46,1.43,0.0967741935483871,0.16129032258064516,27.4,4.42,46,14.299999999999999,10
SalernitanaPlayer7,Salernitana,Serie A,P,36,12,2,32.06,13.15,45,1.77,0.3333333333333333,0.05555555555555555,32.06,13.15,45,17.7,10
SalernitanaPlayer8,Salernitana,Serie A,C,6,7,8,2.38,3.28,16,3.71,1.1666666666666667,1.3333333333333333,2.38,3.28,16,37.1,10
SalernitanaPlayer9,Salernitana,Serie A,A,24,7,7,11.11,18.33,15,1.87,0.2916666666666667,0.2916666666666667,11.11,18.33,15,18.700000000000003,10
SalernitanaPlayer10,Salernitana,Serie A,C,19,10,7,3.73,3.62,54,1.57,0.5263157894736842,0.3684210526315789,3.73,3.62,54,15.700000000000001,10
SalernitanaPlayer11,Salernitana,Serie A,A,9,0,8,7.5,6.27,53,3.01,0.0,0.8888888888888888,7.5,6.27,53,30.099999999999998,10
SalernitanaPlayer12,Salernitana,Serie A,A,29,3,2,23.47,16.91,52,1.74,0.10344827586206896,0.06896551724137931,23.47,16.91,52,17.4,10
SalernitanaPlayer13,Salernitana,Serie A,C,21,5,2,8.68,12.4,38,1.52,0.23809523809523808,0.09523809523809523,8.68,12.4,38,15.2,10
SalernitanaPlayer14,Salernitana,Serie A,P,31,10,10,17.67,14.92,57,1.88,0.3225806451612903,0.3225806451612903,17.67,14.92,57,18.799999999999997,10
FrosinonePlayer5,Frosinone,Serie A,C,34,12,9,24.59,25.73,32,2.19,0.35294117647058826,0.2647058823529412,24.59,25.73,32,21.9,10
FrosinonePlayer6,Frosinone,Serie A,P,21,12,8,6.46,14.0,46,2.15,0.5714285714285714,0.38095238095238093,6.46,14.0,46,21.5,10
FrosinonePlayer7,Frosinone,Serie A,P,11,14,9,3.18,3.51,13,2.82,1.2727272727272727,0.8181818181818182,3.18,3.51,13,28.2,10
FrosinonePlayer8,Frosinone,Serie A,C,8,0,6,3.56,3.43,33,2.04,0.0,0.75,3.56,3.43,33,20.4,10
FrosinonePlayer9,Frosinone,Serie A,C,22,13,7,15.7,7.67,16,2.04,0.5909090909090909,0.3181818181818182,15.7,7.67,16,20.4,10
FrosinonePlayer10,Frosinone,Serie A,P,28,13,5,16.39,20.1,36,2.07,0.4642857142857143,0.17857142857142858,16.39,20.1,36,20.7,10
FrosinonePlayer11,Frosinone,Serie A,C,26,9,9,13.64,7.28,50,1.69,0.34615384615384615,0.34615384615384615,13.64,7.28,50,16.9,10
FrosinonePlayer12,Frosinone,Serie A,P,21,15,10,2.24,8.98,40,1.92,0.7142857142857143,0.47619047619047616,2.24,8.98,40,19.2,10
FrosinonePlayer13,Frosinone,Serie A,A,8,5,1,4.8,5.38,3,2.06,0.625,0.125,4.8,5.38,3,20.6,10
FrosinonePlayer14,Frosinone,Serie A,C,10,4,5,7.18,3.51,13,2.1,0.4,0.5,7.18,3.51,13,21.0,10
MonzaPlayer5,Monza,Serie A,D,13,2,9,5.19,2.39,51,1.82,0.15384615384615385,0.6923076923076923,5.19,2.39,51,18.2,10
MonzaPlayer6,Monza,Serie A,C,13,2,4,6.03,6.76,28,1.66,0.15384615384615385,0.3076923076923077,6.03,6.76,28,16.599999999999998,10
MonzaPlayer7,Monza,Serie A,A,12,10,1,1.44,4.37,44,1.77,0.8333333333333334,0.08333333333333333,1.44,4.37,44,17.7,10
MonzaPlayer8,Monza,Serie A,D,38,11,6,10.49,24.48,6,1.38,0.2894736842105263,0.15789473684210525,10.49,24.48,6,13.799999999999999,10
MonzaPlayer9,Monza,Serie A,D,7,6,1,5.26,4.48,24,2.73,0.8571428571428571,0.14285714285714285,5.26,4.48,24,27.3,10
MonzaPlayer10,Monza,Serie A,A,15,11,1,2.5,11.95,4,1.79,0.7333333333333333,0.06666666666666667,2.5,11.95,4,17.9,10
MonzaPlayer11,Monza,Serie A,C,13,12,0,3.63,8.74,20,2.03,0.9230769230769231,0.0,3.63,8.74,20,20.299999999999997,10
MonzaPlayer12,Monza,Serie A,P,24,9,7,10.02,16.54,44,1.96,0.375,0.2916666666666667,10.02,16.54,44,19.6,10
MonzaPlayer13,Monza,Serie A,D,36,13,8,29.62,4.59,41,1.65,0.3611111111111111,0.2222222222222222,29.62,4.59,41,16.5,10
MonzaPlayer14,Monza,Serie A,D,33,5,1,23.58,19.42,41,1.61,0.15151515151515152,0.030303030303030304,23.58,19.42,41,16.1,10
PremierPlayer5,Premier League FC 1,Premier League,P,38,5,9,12.62,12.89,60,1.2,0.13157894736842105,0.23684210526315788,12.62,12.89,60,12.0,10
PremierPlayer6,Premier League FC 1,Premier League,D,22,14,5,7.1,8.23,55,1.81,0.6363636363636364,0.22727272727272727,7.1,8.23,55,18.1,10
PremierPlayer7,Premier League FC 1,Premier League,P,10,3,8,3.49,4.44,36,2.25,0.3,0.8,3.49,4.44,36,22.5,10
PremierPlayer8,Premier League FC 1,Premier League,A,34,12,8,11.2,17.81,37,1.55,0.35294117647058826,0.23529411764705882,11.2,17.81,37,15.5,10
PremierPlayer9,Premier League FC 1,Premier League,D,30,9,5,12.47,18.73,21,1.58,0.3,0.16666666666666666,12.47,18.73,21,15.8,10
PremierPlayer10,Premier League FC 1,Premier League,P,20,10,7,7.58,6.52,31,1.71,0.5,0.35,7.58,6.52,31,17.1,10
PremierPlayer11,Premier League FC 1,Premier League,A,10,6,3,3.87,2.85,39,1.96,0.6,0.3,3.87,2.85,39,19.6,10
PremierPlayer12,Premier League FC 1,Premier League,D,25,13,5,18.77,9.54,32,1.98,0.52,0.2,18.77,9.54,32,19.8,10
PremierPlayer13,Premier League FC 1,Premier League,A,13,6,9,4.15,9.32,52,2.59,0.46153846153846156,0.6923076923076923,4.15,9.32,52,25.9,10
PremierPlayer14,Premier League FC 1,Premier League,A,38,10,0,31.28,11.38,16,1.43,0.2631578947368421,0.0,31.28,11.38,16,14.299999999999999,10
PremierPlayer5,Premier League FC 2,Premier League,C,27,15,1,6.05,6.7,39,1.21,0.5555555555555556,0.037037037037037035,6.05,6.7,39,12.1,10
PremierPlayer6,Premier League FC 2,Premier League,C,24,15,9,13.35,10.77,57,2.24,0.625,0.375,13.35,10.77,57,22.400000000000002,10
PremierPlayer7,Premier League FC 2,Premier League,P,17,9,3,6.07,2.35,54,1.52,0.5294117647058824,0.17647058823529413,6.07,2.35,54,15.2,10
PremierPlayer8,Premier League FC 2,Premier League,A,34,1,2,7.96,20.21,24,0.99,0.029411764705882353,0.058823529411764705,7.96,20.21,24,9.9,10
PremierPlayer9,Premier League FC 2,Premier League,A,37,2,3,20.44,13.72,7,1.08,0.05405405405405406,0.08108108108108109,20.44,13.72,7,10.8,10
PremierPlayer10,Premier League FC 2,Premier League,D,27,13,6,20.01,8.72,40,1.92,0.48148148148148145,0.2222222222222222,20.01,8.72,40,19.2,10
PremierPlayer11,Premier League FC 2,Premier League,P,29,12,5,4.41,11.73,53,1.33,0.41379310344827586,0.1724137931034483,4.41,11.73,53,13.3,10
PremierPlayer12,Premier League FC 2,Premier League,D,13,2,7,6.8,1.34,36,1.6,0.15384615384615385,0.5384615384615384,6.8,1.34,36,16.0,10
PremierPlayer13,Premier League FC 2,Premier League,D,14,13,4,3.3,8.95,14,2.19,0.9285714285714286,0.2857142857142857,3.3,8.95,14,21.9,10
PremierPlayer14,Premier League FC 2,Premier League,P,18,1,10,14.47,1.91,55,1.83,0.05555555555555555,0.5555555555555556,14.47,1.91,55,18.3,10
PremierPlayer5,Premier League FC 3,Premier League,A,22,14,4,18.05,6.51,21,2.03,0.6363636363636364,0.18181818181818182,18.05,6.51,21,20.299999999999997,10
PremierPlayer6,Premier League FC 3,Premier League,D,25,5,5,21.85,12.04,51,1.96,0.2,0.2,21.85,12.04,51,19.6,10
PremierPlayer7,Premier League FC 3,Premier League,A,29,13,10,21.66,3.88,59,1.88,0.4482758620689655,0.3448275862068966,21.66,3.88,59,18.799999999999997,10
PremierPlayer8,Premier League FC 3,Premier League,A,11,10,1,2.78,4.85,4,1.73,0.9090909090909091,0.09090909090909091,2.78,4.85,4,17.3,10
PremierPlayer9,Premier League FC 3,Premier League,A,5,14,10,3.98,3.74,54,7.42,2.8,2.0,3.98,3.74,54,74.2,10
PremierPlayer10,Premier League FC 3,Premier League,C,20,9,5,9.8,13.99,55,2.16,0.45,0.25,9.8,13.99,55,21.6,10
PremierPlayer11,Premier League FC 3,Premier League,P,13,2,8,6.55,10.34,30,2.3,0.15384615384615385,0.6153846153846154,6.55,10.34,30,23.0,10
PremierPlayer12,Premier League FC 3,Premier League,A,22,1,0,16.86,2.93,38,1.12,0.045454545454545456,0.0,16.86,2.93,38,11.200000000000001,10
PremierPlayer13,Premier League FC 3,Premier League,C,8,8,9,6.06,2.34,29,3.54,1.0,1.125,6.06,2.34,29,35.4,10
PremierPlayer14,Premier League FC 3,Premier League,C,15,10,4,5.9,9.13,0,1.94,0.6666666666666666,0.26666666666666666,5.9,9.13,0,19.4,10
PremierPlayer5,Premier League FC 4,Premier League,A,34,15,0,5.6,6.59,53,0.96,0.4411764705882353,0.0,5.6,6.59,53,9.6,10
PremierPlayer6,Premier League FC 4,Premier League,A,7,9,10,5.47,1.4,13,3.88,1.2857142857142858,1.4285714285714286,5.47,1.4,13,38.8,10
PremierPlayer7,Premier League FC 4,Premier League,P,18,8,5,12.79,2.79,39,1.8,0.4444444444444444,0.2777777777777778,12.79,2.79,39,18.0,10
PremierPlayer8,Premier League FC 4,Premier League,P,5,7,4,2.08,3.4,45,4.2,1.4,0.8,2.08,3.4,45,42.0,10
PremierPlayer9,Premier League FC 4,Premier League,A,31,5,2,8.32,7.78,47,0.9,0.16129032258064516,0.06451612903225806,8.32,7.78,47,9.0,10
PremierPlayer10,Premier League FC 4,Premier League,P,16,4,9,9.62,9.49,24,2.16,0.25,0.5625,9.62,9.49,24,21.6,10
PremierPlayer11,Premier League FC 4,Premier League,D,5,10,10,2.54,2.14,58,6.1,2.0,2.0,2.54,2.14,58,61.0,10
PremierPlayer12,Premier League FC 4,Premier League,P,10,11,8,1.02,3.88,20,2.59,1.1,0.8,1.02,3.88,20,25.9,10
PremierPlayer13,Premier League FC 4,Premier League,C,30,13,7,26.82,4.82,34,1.83,0.43333333333333335,0.23333333333333334,26.82,4.82,34,18.3,10
PremierPlayer14,Premier League FC 4,Premier League,P,25,0,3,3.83,13.47,33,0.94,0.0,0.12,3.83,13.47,33,9.399999999999999,10
PremierPlayer5,Premier League FC 5,Premier League,D,30,12,8,10.73,13.74,0,1.48,0.4,0.26666666666666666,10.73,13.74,0,14.8,10
PremierPlayer6,Premier League FC 5,Premier League,A,10,11,10,5.19,1.86,40,3.2,1.1,1.0,5.19,1.86,40,32.0,10
PremierPlayer7,Premier League FC 5,Premier League,A,31,5,10,23.81,23.28,53,2.17,0.16129032258064516,0.3225806451612903,23.81,23.28,53,21.7,10
PremierPlayer8,Premier League FC 5,Premier League,C,16,6,0,11.23,8.89,59,2.0,0.375,0.0,11.23,8.89,59,20.0,10
PremierPlayer9,Premier League FC 5,Premier League,P,38,11,7,14.96,13.83,32,1.32,0.2894736842105263,0.18421052631578946,14.96,13.83,32,13.200000000000001,10
PremierPlayer10,Premier League FC 5,Premier League,A,20,5,7,5.21,13.97,45,1.78,0.25,0.35,5.21,13.97,45,17.8,10
PremierPlayer11,Premier League FC 5,Premier League,D,30,10,2,21.55,21.11,18,1.88,0.3333333333333333,0.06666666666666667,21.55,21.11,18,18.799999999999997,10
PremierPlayer12,Premier League FC 5,Premier League,D,16,6,0,8.78,11.5,17,1.75,0.375,0.0,8.78,11.5,17,17.5,10
PremierPlayer13,Premier League FC 5,Premier League,A,33,12,0,11.24,8.16,38,1.07,0.36363636363636365,0.0,11.24,8.16,38,10.700000000000001,10
PremierPlayer14,Premier League FC 5,Premier League,C,23,4,0,8.76,4.46,34,0.9,0.17391304347826086,0.0,8.76,4.46,34,9.0,10
PremierPlayer5,Premier League FC 6,Premier League,A,36,4,4,20.92,5.21,20,1.0,0.1111111111111111,0.1111111111111111,20.92,5.21,20,10.0,10
PremierPlayer6,Premier League FC 6,Premier League,C,10,12,8,6.5,7.79,24,3.67,1.2,0.8,6.5,7.79,24,36.7,10
PremierPlayer7,Premier League FC 6,Premier League,P,35,14,0,19.03,6.41,39,1.24,0.4,0.0,19.03,6.41,39,12.4,10
PremierPlayer8,Premier League FC 6,Premier League,D,13,8,6,1.32,1.63,17,1.43,0.6153846153846154,0.46153846153846156,1.32,1.63,17,14.299999999999999,10
PremierPlayer9,Premier League FC 6,Premier League,D,37,1,6,12.6,20.98,18,1.15,0.02702702702702703,0.16216216216216217,12.6,20.98,18,11.5,10
PremierPlayer10,Premier League FC 6,Premier League,C,15,12,1,6.32,10.57,27,2.17,0.8,0.06666666666666667,6.32,10.57,27,21.7,10
PremierPlayer11,Premier League FC 6,Premier League,D,7,14,0,0.85,5.49,7,3.01,2.0,0.0,0.85,5.49,7,30.099999999999998,10
PremierPlayer12,Premier League FC 6,Premier League,A,7,8,1,4.26,5.5,11,2.84,1.1428571428571428,0.14285714285714285,4.26,5.5,11,28.4,10
PremierPlayer13,Premier League FC 6,Premier League,A,23,1,8,10.31,6.72,48,1.34,0.043478260869565216,0.34782608695652173,10.31,6.72,48,13.4,10
PremierPlayer14,Premier League FC 6,Premier League,P,19,14,7,11.09,12.42,53,2.62,0.7368421052631579,0.3684210526315789,11.09,12.42,53,26.200000000000003,10
PremierPlayer5,Premier League FC 7,Premier League,P,23,12,9,18.96,11.71,40,2.42,0.5217391304347826,0.391304347826087,18.96,11.71,40,24.2,10
PremierPlayer6,Premier League FC 7,Premier League,D,17,9,8,6.13,3.59,15,1.66,0.5294117647058824,0.47058823529411764,6.13,3.59,15,16.599999999999998,10
PremierPlayer7,Premier League FC 7,Premier League,P,25,14,8,7.72,5.81,9,1.46,0.56,0.32,7.72,5.81,9,14.6,10
PremierPlayer8,Premier League FC 7,Premier League,D,32,0,2,27.09,13.58,33,1.44,0.0,0.0625,27.09,13.58,33,14.399999999999999,10
PremierPlayer9,Premier League FC 7,Premier League,A,29,4,2,21.59,9.98,60,1.5,0.13793103448275862,0.06896551724137931,21.59,9.98,60,15.0,10
PremierPlayer10,Premier League FC 7,Premier League,D,32,10,5,27.86,5.39,43,1.64,0.3125,0.15625,27.86,5.39,43,16.4,10
PremierPlayer11,Premier League FC 7,Premier League,C,17,15,7,3.88,5.0,18,1.92,0.8823529411764706,0.4117647058823529,3.88,5.0,18,19.2,10
PremierPlayer12,Premier League FC 7,Premier League,D,32,10,10,15.41,20.53,30,1.84,0.3125,0.3125,15.41,20.53,30,18.400000000000002,10
PremierPlayer13,Premier League FC 7,Premier League,D,30,4,4,10.48,4.66,17,0.83,0.13333333333333333,0.13333333333333333,10.48,4.66,17,8.299999999999999,10
PremierPlayer14,Premier League FC 7,Premier League,A,16,5,1,12.33,2.51,3,1.32,0.3125,0.0625,12.33,2.51,3,13.200000000000001,10
PremierPlayer5,Premier League FC 8,Premier League,D,26,15,5,16.61,8.63,4,1.76,0.5769230769230769,0.19230769230769232,16.61,8.63,4,17.6,10
PremierPlayer6,Premier League FC 8,Premier League,D,30,14,6,4.35,15.02,40,1.45,0.4666666666666667,0.2,4.35,15.02,40,14.5,10
PremierPlayer7,Premier League FC 8,Premier League,D,17,0,0,14.91,4.51,22,1.27,0.0,0.0,14.91,4.51,22,12.7,10
PremierPlayer8,Premier League FC 8,Premier League,D,9,0,1,6.36,6.52,30,1.88,0.0,0.1111111111111111,6.36,6.52,30,18.799999999999997,10
PremierPlayer9,Premier League FC 8,Premier League,D,17,2,7,13.79,4.84,26,1.78,0.11764705882352941,0.4117647058823529,13.79,4.84,26,17.8,10
PremierPlayer10,Premier League FC 8,Premier League,D,16,6,3,4.54,9.17,53,1.75,0.375,0.1875,4.54,9.17,53,17.5,10
PremierPlayer11,Premier League FC 8,Premier League,D,18,4,5,13.83,10.39,52,2.13,0.2222222222222222,0.2777777777777778,13.83,10.39,52,21.299999999999997,10
PremierPlayer12,Premier League FC 8,Premier League,A,14,14,6,4.97,10.28,33,2.75,1.0,0.42857142857142855,4.97,10.28,33,27.5,10
PremierPlayer13,Premier League FC 8,Premier League,D,25,2,10,8.77,4.18,46,1.18,0.08,0.4,8.77,4.18,46,11.799999999999999,10
PremierPlayer14,Premier League FC 8,Premier League,P,31,9,3,25.76,13.7,53,1.83,0.2903225806451613,0.0967741935483871,25.76,13.7,53,18.3,10
PremierPlayer5,Premier League FC 9,Premier League,A,12,3,1,9.1,2.55,27,1.53,0.25,0.08333333333333333,9.1,2.55,27,15.3,10
PremierPlayer6,Premier League FC 9,Premier League,C,17,3,2,10.98,12.99,58,2.05,0.17647058823529413,0.11764705882352941,10.98,12.99,58,20.5,10
PremierPlayer7,Premier League FC 9,Premier League,P,35,9,8,10.02,7.08,17,1.02,0.2571428571428571,0.22857142857142856,10.02,7.08,17,10.2,10
PremierPlayer8,Premier League FC 9,Premier League,A,30,8,0,5.8,10.83,17,0.88,0.26666666666666666,0.0,5.8,10.83,17,8.8,10
PremierPlayer9,Premier League FC 9,Premier League,D,24,5,6,4.99,15.69,36,1.47,0.20833333333333334,0.25,4.99,15.69,36,14.7,10
PremierPlayer10,Premier League FC 9,Premier League,A,30,10,3,12.32,6.03,36,1.17,0.3333333333333333,0.1,12.32,6.03,36,11.7,10
PremierPlayer11,Premier League FC 9,Premier League,P,11,15,7,9.0,7.97,43,3.93,1.3636363636363635,0.6363636363636364,9.0,7.97,43,39.300000000000004,10
PremierPlayer12,Premier League FC 9,Premier League,P,18,9,5,6.91,12.25,24,1.98,0.5,0.2777777777777778,6.91,12.25,24,19.8,10
PremierPlayer13,Premier League FC 9,Premier League,A,31,13,8,9.98,14.86,16,1.53,0.41935483870967744,0.25806451612903225,9.98,14.86,16,15.3,10
PremierPlayer14,Premier League FC 9,Premier League,C,36,4,10,7.65,23.01,5,1.25,0.1111111111111111,0.2777777777777778,7.65,23.01,5,12.5,10
PremierPlayer5,Premier League FC 10,Premier League,P,30,7,10,25.24,18.39,31,2.12,0.23333333333333334,0.3333333333333333,25.24,18.39,31,21.200000000000003,10
PremierPlayer6,Premier League FC 10,Premier League,D,28,7,2,4.68,6.69,4,0.74,0.25,0.07142857142857142,4.68,6.69,4,7.4,10
PremierPlayer7,Premier League FC 10,Premier League,A,35,11,6,19.73,23.82,49,1.87,0.3142857142857143,0.17142857142857143,19.73,23.82,49,18.700000000000003,10
PremierPlayer8,Premier League FC 10,Premier League,A,17,5,3,7.12,9.81,17,1.57,0.29411764705882354,0.17647058823529413,7.12,9.81,17,15.700000000000001,10
PremierPlayer9,Premier League FC 10,Premier League,D,32,6,10,10.39,13.05,30,1.33,0.1875,0.3125,10.39,13.05,30,13.3,10
PremierPlayer10,Premier League FC 10,Premier League,D,24,0,7,16.07,10.19,12,1.44,0.0,0.2916666666666667,16.07,10.19,12,14.399999999999999,10
PremierPlayer11,Premier League FC 10,Premier League,P,11,12,10,4.55,4.79,29,3.11,1.0909090909090908,0.9090909090909091,4.55,4.79,29,31.099999999999998,10
PremierPlayer12,Premier League FC 10,Premier League,P,27,8,1,12.55,11.67,38,1.37,0.2962962962962963,0.037037037037037035,12.55,11.67,38,13.700000000000001,10
PremierPlayer13,Premier League FC 10,Premier League,P,35,9,8,27.17,17.52,30,1.85,0.2571428571428571,0.22857142857142856,27.17,17.52,30,18.5,10
PremierPlayer14,Premier League FC 10,Premier League,A,16,2,7,8.2,4.15,40,1.58,0.125,0.4375,8.2,4.15,40,15.8,10
LaPlayer5,La Liga FC 1,La Liga,P,22,11,4,3.38,12.9,23,1.53,0.5,0.18181818181818182,3.38,12.9,23,15.3,10
LaPlayer6,La Liga FC 1,La Liga,D,19,8,4,15.18,10.74,51,2.26,0.42105263157894735,0.21052631578947367,15.18,10.74,51,22.599999999999998,10
LaPlayer7,La Liga FC 1,La Liga,P,35,5,3,22.59,3.65,46,1.11,0.14285714285714285,0.08571428571428572,22.59,3.65,46,11.100000000000001,10
LaPlayer8,La Liga FC 1,La Liga,P,11,6,0,1.26,4.09,38,1.38,0.5454545454545454,0.0,1.26,4.09,38,13.799999999999999,10
LaPlayer9,La Liga FC 1,La Liga,C,23,15,7,14.39,4.74,59,2.04,0.6521739130434783,0.30434782608695654,14.39,4.74,59,20.4,10
LaPlayer10,La Liga FC 1,La Liga,D,7,10,6,3.01,4.7,31,3.83,1.4285714285714286,0.8571428571428571,3.01,4.7,31,38.3,10
LaPlayer11,La Liga FC 1,La Liga,P,18,5,3,2.92,2.21,0,0.73,0.2777777777777778,0.16666666666666666,2.92,2.21,0,7.3,10
LaPlayer12,La Liga FC 1,La Liga,D,34,10,10,24.8,24.86,12,2.08,0.29411764705882354,0.29411764705882354,24.8,24.86,12,20.8,10
LaPlayer13,La Liga FC 1,La Liga,A,13,11,2,5.97,4.24,1,1.79,0.8461538461538461,0.15384615384615385,5.97,4.24,1,17.9,10
LaPlayer14,La Liga FC 1,La Liga,P,25,7,5,9.41,19.39,28,1.74,0.28,0.2,9.41,19.39,28,17.4,10
LaPlayer5,La Liga FC 2,La Liga,P,34,7,3,19.57,8.81,3,1.14,0.20588235294117646,0.08823529411764706,19.57,8.81,3,11.399999999999999,10
LaPlayer6,La Liga FC 2,La Liga,A,27,11,3,10.95,4.05,6,1.1,0.4074074074074074,0.1111111111111111,10.95,4.05,6,11.0,10
LaPlayer7,La Liga FC 2,La Liga,D,27,6,3,12.93,11.96,9,1.29,0.2222222222222222,0.1111111111111111,12.93,11.96,9,12.9,10
LaPlayer8,La Liga FC 2,La Liga,D,16,5,10,10.88,5.77,9,2.03,0.3125,0.625,10.88,5.77,9,20.299999999999997,10
LaPlayer9,La Liga FC 2,La Liga,C,6,2,8,3.02,3.41,21,3.09,0.3333333333333333,1.3333333333333333,3.02,3.41,21,30.9,10
LaPlayer10,La Liga FC 2,La Liga,P,7,9,9,3.76,0.72,8,3.33,1.2857142857142858,1.2857142857142858,3.76,0.72,8,33.3,10
LaPlayer11,La Liga FC 2,La Liga,P,28,12,9,6.93,19.3,17,1.75,0.42857142857142855,0.32142857142857145,6.93,19.3,17,17.5,10
LaPlayer12,La Liga FC 2,La Liga,D,21,3,10,5.47,4.17,50,1.32,0.14285714285714285,0.47619047619047616,5.47,4.17,50,13.200000000000001,10
LaPlayer13,La Liga FC 2,La Liga,P,18,12,5,14.11,4.61,14,2.06,0.6666666666666666,0.2777777777777778,14.11,4.61,14,20.6,10
LaPlayer14,La Liga FC 2,La Liga,A,26,8,3,15.79,12.54,53,1.72,0.3076923076923077,0.11538461538461539,15.79,12.54,53,17.2,10
LaPlayer5,La Liga FC 3,La Liga,C,7,9,8,4.69,4.5,50,4.46,1.2857142857142858,1.1428571428571428,4.69,4.5,50,44.6,10
LaPlayer6,La Liga FC 3,La Liga,P,12,15,1,8.95,6.73,50,3.06,1.25,0.08333333333333333,8.95,6.73,50,30.6,10
LaPlayer7,La Liga FC 3,La Liga,A,33,7,9,24.08,7.49,3,1.45,0.21212121212121213,0.2727272727272727,24.08,7.49,3,14.5,10
LaPlayer8,La Liga FC 3,La Liga,D,13,0,8,8.59,3.64,33,1.81,0.0,0.6153846153846154,8.59,3.64,33,18.1,10
LaPlayer9,La Liga FC 3,La Liga,D,19,6,8,6.4,8.86,22,1.66,0.3157894736842105,0.42105263157894735,6.4,8.86,22,16.599999999999998,10
LaPlayer10,La Liga FC 3,La Liga,C,5,7,7,2.24,2.65,26,4.3,1.4,1.4,2.24,2.65,26,43.0,10
LaPlayer11,La Liga FC 3,La Liga,C,10,2,1,6.32,4.97,4,1.47,0.2,0.1,6.32,4.97,4,14.7,10
LaPlayer12,La Liga FC 3,La Liga,P,33,15,1,4.45,23.23,51,1.48,0.45454545454545453,0.030303030303030304,4.45,23.23,51,14.8,10
LaPlayer13,La Liga FC 3,La Liga,C,21,14,4,5.81,14.24,40,2.0,0.6666666666666666,0.19047619047619047,5.81,14.24,40,20.0,10
LaPlayer14,La Liga FC 3,La Liga,D,23,1,7,20.07,17.66,4,2.01,0.043478260869565216,0.30434782608695654,20.07,17.66,4,20.099999999999998,10
LaPlayer5,La Liga FC 4,La Liga,P,20,0,6,16.83,5.95,23,1.55,0.0,0.3,16.83,5.95,23,15.5,10
LaPlayer6,La Liga FC 4,La Liga,A,33,7,6,17.84,23.06,49,1.78,0.21212121212121213,0.18181818181818182,17.84,23.06,49,17.8,10
LaPlayer7,La Liga FC 4,La Liga,P,20,11,3,7.08,15.72,48,2.08,0.55,0.15,7.08,15.72,48,20.8,10
LaPlayer8,La Liga FC 4,La Liga,C,12,7,1,5.6,1.95,44,1.66,0.5833333333333334,0.08333333333333333,5.6,1.95,44,16.599999999999998,10
LaPlayer9,La Liga FC 4,La Liga,P,26,7,4,7.13,20.35,38,1.63,0.2692307692307692,0.15384615384615385,7.13,20.35,38,16.299999999999997,10
LaPlayer10,La Liga FC 4,La Liga,A,26,14,6,14.78,11.65,17,1.85,0.5384615384615384,0.23076923076923078,14.78,11.65,17,18.5,10
LaPlayer11,La Liga FC 4,La Liga,C,10,7,6,3.46,6.31,59,2.87,0.7,0.6,3.46,6.31,59,28.700000000000003,10
LaPlayer12,La Liga FC 4,La Liga,A,21,11,7,13.25,10.35,52,2.23,0.5238095238095238,0.3333333333333333,13.25,10.35,52,22.3,10
LaPlayer13,La Liga FC 4,La Liga,C,28,8,5,21.24,10.65,6,1.62,0.2857142857142857,0.17857142857142858,21.24,10.65,6,16.200000000000003,10
LaPlayer14,La Liga FC 4,La Liga,A,27,12,3,22.98,2.84,9,1.55,0.4444444444444444,0.1111111111111111,22.98,2.84,9,15.5,10
LaPlayer5,La Liga FC 5,La Liga,A,18,3,0,14.44,13.6,21,1.84,0.16666666666666666,0.0,14.44,13.6,21,18.400000000000002,10
LaPlayer6,La Liga FC 5,La Liga,D,35,11,9,16.74,14.15,45,1.58,0.3142857142857143,0.2571428571428571,16.74,14.15,45,15.8,10
LaPlayer7,La Liga FC 5,La Liga,D,8,3,7,1.32,1.85,25,1.96,0.375,0.875,1.32,1.85,25,19.6,10
LaPlayer8,La Liga FC 5,La Liga,D,18,11,7,6.31,11.72,49,2.27,0.6111111111111112,0.3888888888888889,6.31,11.72,49,22.7,10
LaPlayer9,La Liga FC 5,La Liga,C,23,0,8,3.73,6.15,10,0.82,0.0,0.34782608695652173,3.73,6.15,10,8.2,10
LaPlayer10,La Liga FC 5,La Liga,A,31,3,0,15.96,20.49,43,1.41,0.0967741935483871,0.0,15.96,20.49,43,14.1,10
LaPlayer11,La Liga FC 5,La Liga,P,26,14,7,9.16,15.18,36,1.88,0.5384615384615384,0.2692307692307692,9.16,15.18,36,18.799999999999997,10
LaPlayer12,La Liga FC 5,La Liga,A,29,4,2,3.18,18.08,59,1.14,0.13793103448275862,0.06896551724137931,3.18,18.08,59,11.399999999999999,10
LaPlayer13,La Liga FC 5,La Liga,C,10,12,2,6.19,2.07,58,2.81,1.2,0.2,6.19,2.07,58,28.1,10
LaPlayer14,La Liga FC 5,La Liga,C,9,4,3,3.28,1.79,9,1.44,0.4444444444444444,0.3333333333333333,3.28,1.79,9,14.399999999999999,10
LaPlayer5,La Liga FC 6,La Liga,A,21,14,0,15.39,14.65,1,2.1,0.6666666666666666,0.0,15.39,14.65,1,21.0,10
LaPlayer6,La Liga FC 6,La Liga,A,38,13,6,14.91,23.49,25,1.58,0.34210526315789475,0.15789473684210525,14.91,23.49,25,15.8,10
LaPlayer7,La Liga FC 6,La Liga,A,31,12,5,21.4,23.61,45,2.15,0.3870967741935484,0.16129032258064516,21.4,23.61,45,21.5,10
LaPlayer8,La Liga FC 6,La Liga,D,38,7,10,14.38,13.96,45,1.31,0.18421052631578946,0.2631578947368421,14.38,13.96,45,13.100000000000001,10
LaPlayer9,La Liga FC 6,La Liga,C,21,12,2,16.19,12.4,9,2.07,0.5714285714285714,0.09523809523809523,16.19,12.4,9,20.7,10
LaPlayer10,La Liga FC 6,La Liga,P,16,6,9,3.86,9.03,35,1.96,0.375,0.5625,3.86,9.03,35,19.6,10
LaPlayer11,La Liga FC 6,La Liga,A,27,3,3,18.69,8.46,23,1.31,0.1111111111111111,0.1111111111111111,18.69,8.46,23,13.100000000000001,10
LaPlayer12,La Liga FC 6,La Liga,P,36,3,10,24.6,17.51,20,1.59,0.08333333333333333,0.2777777777777778,24.6,17.51,20,15.9,10
LaPlayer13,La Liga FC 6,La Liga,A,14,6,3,9.8,6.9,8,1.89,0.42857142857142855,0.21428571428571427,9.8,6.9,8,18.9,10
LaPlayer14,La Liga FC 6,La Liga,A,36,13,7,8.27,15.8,30,1.31,0.3611111111111111,0.19444444444444445,8.27,15.8,30,13.100000000000001,10
LaPlayer5,La Liga FC 7,La Liga,C,10,14,10,8.26,7.02,10,4.03,1.4,1.0,8.26,7.02,10,40.300000000000004,10
LaPlayer6,La Liga FC 7,La Liga,C,23,0,5,9.29,6.86,56,1.16,0.0,0.21739130434782608,9.29,6.86,56,11.6,10
LaPlayer7,La Liga FC 7,La Liga,A,27,0,3,24.19,7.49,7,1.31,0.0,0.1111111111111111,24.19,7.49,7,13.100000000000001,10
LaPlayer8,La Liga FC 7,La Liga,C,10,14,6,7.59,1.76,52,3.46,1.4,0.6,7.59,1.76,52,34.6,10
LaPlayer9,La Liga FC 7,La Liga,C,7,4,0,4.14,0.96,33,1.77,0.5714285714285714,0.0,4.14,0.96,33,17.7,10
LaPlayer10,La Liga FC 7,La Liga,D,32,7,9,22.47,18.21,44,1.91,0.21875,0.28125,22.47,18.21,44,19.099999999999998,10
LaPlayer11,La Liga FC 7,La Liga,P,14,7,4,1.65,8.79,45,1.85,0.5,0.2857142857142857,1.65,8.79,45,18.5,10
LaPlayer12,La Liga FC 7,La Liga,A,30,10,3,24.57,10.26,17,1.65,0.3333333333333333,0.1,24.57,10.26,17,16.5,10
LaPlayer13,La Liga FC 7,La Liga,P,23,14,1,6.94,8.52,19,1.41,0.6086956521739131,0.043478260869565216,6.94,8.52,19,14.1,10
LaPlayer14,La Liga FC 7,La Liga,D,6,6,8,2.22,3.32,6,3.36,1.0,1.3333333333333333,2.22,3.32,6,33.6,10
LaPlayer5,La Liga FC 8,La Liga,P,12,0,1,3.93,4.24,59,1.26,0.0,0.08333333333333333,3.93,4.24,59,12.6,10
LaPlayer6,La Liga FC 8,La Liga,C,33,1,5,24.29,23.8,34,1.74,0.030303030303030304,0.15151515151515152,24.29,23.8,34,17.4,10
LaPlayer7,La Liga FC 8,La Liga,A,23,3,1,4.17,2.8,12,0.53,0.13043478260869565,0.043478260869565216,4.17,2.8,12,5.300000000000001,10
LaPlayer8,La Liga FC 8,La Liga,D,33,15,1,25.36,26.18,43,2.18,0.45454545454545453,0.030303030303030304,25.36,26.18,43,21.8,10
LaPlayer9,La Liga FC 8,La Liga,C,34,8,4,25.1,14.28,54,1.67,0.23529411764705882,0.11764705882352941,25.1,14.28,54,16.7,10
LaPlayer10,La Liga FC 8,La Liga,C,17,6,10,4.56,7.61,50,1.95,0.35294117647058826,0.5882352941176471,4.56,7.61,50,19.5,10
LaPlayer11,La Liga FC 8,La Liga,A,9,15,7,1.62,6.04,35,3.68,1.6666666666666667,0.7777777777777778,1.62,6.04,35,36.800000000000004,10
LaPlayer12,La Liga FC 8,La Liga,P,13,14,2,6.11,5.93,48,2.53,1.0769230769230769,0.15384615384615385,6.11,5.93,48,25.299999999999997,10
LaPlayer13,La Liga FC 8,La Liga,D,33,14,2,16.35,13.63,26,1.47,0.42424242424242425,0.06060606060606061,16.35,13.63,26,14.7,10
LaPlayer14,La Liga FC 8,La Liga,P,18,4,1,8.24,11.67,28,1.54,0.2222222222222222,0.05555555555555555,8.24,11.67,28,15.4,10
LaPlayer5,La Liga FC 9,La Liga,P,22,4,3,12.21,5.93,24,1.25,0.18181818181818182,0.13636363636363635,12.21,5.93,24,12.5,10
LaPlayer6,La Liga FC 9,La Liga,A,32,5,0,6.64,7.61,3,0.61,0.15625,0.0,6.64,7.61,3,6.1,10
LaPlayer7,La Liga FC 9,La Liga,D,36,11,10,5.33,26.18,54,1.61,0.3055555555555556,0.2777777777777778,5.33,26.18,54,16.1,10
LaPlayer8,La Liga FC 9,La Liga,A,7,5,10,6.0,1.16,47,3.84,0.7142857142857143,1.4285714285714286,6.0,1.16,47,38.4,10
LaPlayer9,La Liga FC 9,La Liga,C,28,3,9,17.98,14.79,11,1.64,0.10714285714285714,0.32142857142857145,17.98,14.79,11,16.4,10
LaPlayer10,La Liga FC 9,La Liga,P,16,1,7,13.81,5.38,59,2.07,0.0625,0.4375,13.81,5.38,59,20.7,10
LaPlayer11,La Liga FC 9,La Liga,D,31,11,3,7.94,5.45,23,0.96,0.3548387096774194,0.0967741935483871,7.94,5.45,23,9.6,10
LaPlayer12,La Liga FC 9,La Liga,C,34,12,5,9.88,6.9,36,1.1,0.35294117647058826,0.14705882352941177,9.88,6.9,36,11.0,10
LaPlayer13,La Liga FC 9,La Liga,C,22,14,1,14.83,6.83,16,1.74,0.6363636363636364,0.045454545454545456,14.83,6.83,16,17.4,10
LaPlayer14,La Liga FC 9,La Liga,C,16,6,1,2.13,12.12,47,1.62,0.375,0.0625,2.13,12.12,47,16.200000000000003,10
LaPlayer5,La Liga FC 10,La Liga,C,16,4,4,12.68,6.21,24,1.83,0.25,0.25,12.68,6.21,24,18.3,10
LaPlayer6,La Liga FC 10,La Liga,C,8,1,7,1.53,6.29,51,2.62,0.125,0.875,1.53,6.29,51,26.200000000000003,10
LaPlayer7,La Liga FC 10,La Liga,A,38,9,3,26.86,18.01,38,1.6,0.23684210526315788,0.07894736842105263,26.86,18.01,38,16.0,10
LaPlayer8,La Liga FC 10,La Liga,D,11,4,9,5.81,3.61,5,2.08,0.36363636363636365,0.8181818181818182,5.81,3.61,5,20.8,10
LaPlayer9,La Liga FC 10,La Liga,P,29,1,8,4.14,13.36,17,0.97,0.034482758620689655,0.27586206896551724,4.14,13.36,17,9.7,10
LaPlayer10,La Liga FC 10,La Liga,A,28,8,2,24.49,15.38,55,1.98,0.2857142857142857,0.07142857142857142,24.49,15.38,55,19.8,10
LaPlayer11,La Liga FC 10,La Liga,P,29,11,5,24.54,3.2,12,1.55,0.3793103448275862,0.1724137931034483,24.54,3.2,12,15.5,10
LaPlayer12,La Liga FC 10,La Liga,C,16,1,3,1.83,2.79,0,0.54,0.0625,0.1875,1.83,2.79,0,5.4,10
LaPlayer13,La Liga FC 10,La Liga,D,18,10,1,6.47,8.87,37,1.67,0.5555555555555556,0.05555555555555555,6.47,8.87,37,16.7,10
LaPlayer14,La Liga FC 10,La Liga,D,34,8,4,3.58,26.08,19,1.28,0.23529411764705882,0.11764705882352941,3.58,26.08,19,12.8,10
BundesligaPlayer5,Bundesliga FC 1,Bundesliga,D,18,5,3,6.4,8.02,20,1.36,0.2777777777777778,0.16666666666666666,6.4,8.02,20,13.600000000000001,10
BundesligaPlayer6,Bundesliga FC 1,Bundesliga,P,10,5,4,4.44,1.79,44,1.96,0.5,0.4,4.44,1.79,44,19.6,10
BundesligaPlayer7,Bundesliga FC 1,Bundesliga,P,12,0,7,8.94,6.11,59,2.33,0.0,0.5833333333333334,8.94,6.11,59,23.3,10
BundesligaPlayer8,Bundesliga FC 1,Bundesliga,P,9,9,5,1.01,1.29,32,2.17,1.0,0.5555555555555556,1.01,1.29,32,21.7,10
BundesligaPlayer9,Bundesliga FC 1,Bundesliga,D,11,12,4,9.34,3.55,27,2.87,1.0909090909090908,0.36363636363636365,9.34,3.55,27,28.700000000000003,10
BundesligaPlayer10,Bundesliga FC 1,Bundesliga,D,14,13,0,4.27,10.62,43,2.3,0.9285714285714286,0.0,4.27,10.62,43,23.0,10
BundesligaPlayer11,Bundesliga FC 1,Bundesliga,D,22,4,9,16.64,5.79,34,1.76,0.18181818181818182,0.4090909090909091,16.64,5.79,34,17.6,10
BundesligaPlayer12,Bundesliga FC 1,Bundesliga,P,15,9,8,6.31,9.35,38,2.43,0.6,0.5333333333333333,6.31,9.35,38,24.3,10
BundesligaPlayer13,Bundesliga FC 1,Bundesliga,P,7,5,9,1.02,1.34,34,2.82,0.7142857142857143,1.2857142857142858,1.02,1.34,34,28.2,10
BundesligaPlayer14,Bundesliga FC 1,Bundesliga,A,20,14,9,17.98,14.01,1,2.75,0.7,0.45,17.98,14.01,1,27.5,10
BundesligaPlayer5,Bundesliga FC 2,Bundesliga,C,20,10,6,3.57,2.22,38,1.28,0.5,0.3,3.57,2.22,38,12.8,10
BundesligaPlayer6,Bundesliga FC 2,Bundesliga,D,38,1,6,10.03,14.05,39,0.92,0.02631578947368421,0.15789473684210525,10.03,14.05,39,9.200000000000001,10
BundesligaPlayer7,Bundesliga FC 2,Bundesliga,A,9,15,4,7.37,3.87,7,3.44,1.6666666666666667,0.4444444444444444,7.37,3.87,7,34.4,10
BundesligaPlayer8,Bundesliga FC 2,Bundesliga,C,36,2,6,29.49,5.85,33,1.3,0.05555555555555555,0.16666666666666666,29.49,5.85,33,13.0,10
BundesligaPlayer9,Bundesliga FC 2,Bundesliga,P,28,12,5,21.52,2.9,15,1.53,0.42857142857142855,0.17857142857142858,21.52,2.9,15,15.3,10
BundesligaPlayer10,Bundesliga FC 2,Bundesliga,P,36,10,0,10.56,24.13,16,1.29,0.2777777777777778,0.0,10.56,24.13,16,12.9,10
BundesligaPlayer11,Bundesliga FC 2,Bundesliga,D,37,11,1,12.1,9.04,18,0.94,0.2972972972972973,0.02702702702702703,12.1,9.04,18,9.399999999999999,10
BundesligaPlayer12,Bundesliga FC 2,Bundesliga,P,36,9,6,8.83,11.04,39,1.08,0.25,0.16666666666666666,8.83,11.04,39,10.8,10
BundesligaPlayer13,Bundesliga FC 2,Bundesliga,C,27,6,10,17.67,14.65,0,1.79,0.2222222222222222,0.37037037037037035,17.67,14.65,0,17.9,10
BundesligaPlayer14,Bundesliga FC 2,Bundesliga,A,7,15,8,6.22,5.13,27,5.29,2.142857142857143,1.1428571428571428,6.22,5.13,27,52.9,10
BundesligaPlayer5,Bundesliga FC 3,Bundesliga,P,35,2,6,21.01,24.59,55,1.69,0.05714285714285714,0.17142857142857143,21.01,24.59,55,16.9,10
BundesligaPlayer6,Bundesliga FC 3,Bundesliga,P,18,15,4,9.07,9.91,50,2.39,0.8333333333333334,0.2222222222222222,9.07,9.91,50,23.900000000000002,10
BundesligaPlayer7,Bundesliga FC 3,Bundesliga,C,29,8,7,17.71,19.54,16,1.86,0.27586206896551724,0.2413793103448276,17.71,19.54,16,18.6,10
BundesligaPlayer8,Bundesliga FC 3,Bundesliga,A,30,6,1,21.19,3.59,48,1.22,0.2,0.03333333333333333,21.19,3.59,48,12.2,10
BundesligaPlayer9,Bundesliga FC 3,Bundesliga,P,15,14,5,4.83,1.66,53,2.05,0.9333333333333333,0.3333333333333333,4.83,1.66,53,20.5,10
BundesligaPlayer10,Bundesliga FC 3,Bundesliga,A,36,5,1,29.86,13.47,17,1.42,0.1388888888888889,0.027777777777777776,29.86,13.47,17,14.2,10
BundesligaPlayer11,Bundesliga FC 3,Bundesliga,C,29,8,4,3.51,22.63,26,1.4,0.27586206896551724,0.13793103448275862,3.51,22.63,26,14.0,10
BundesligaPlayer12,Bundesliga FC 3,Bundesliga,A,29,11,2,23.83,4.31,37,1.55,0.3793103448275862,0.06896551724137931,23.83,4.31,37,15.5,10
BundesligaPlayer13,Bundesliga FC 3,Bundesliga,D,7,13,9,5.87,2.48,50,5.05,1.8571428571428572,1.2857142857142858,5.87,2.48,50,50.5,10
BundesligaPlayer14,Bundesliga FC 3,Bundesliga,D,8,7,0,6.67,3.51,44,2.7,0.875,0.0,6.67,3.51,44,27.0,10
BundesligaPlayer5,Bundesliga FC 4,Bundesliga,P,18,1,5,2.48,6.22,13,0.89,0.05555555555555555,0.2777777777777778,2.48,6.22,13,8.9,10
BundesligaPlayer6,Bundesliga FC 4,Bundesliga,P,9,9,8,6.05,1.9,20,2.99,1.0,0.8888888888888888,6.05,1.9,20,29.900000000000002,10
BundesligaPlayer7,Bundesliga FC 4,Bundesliga,D,17,8,10,2.34,9.86,8,1.82,0.47058823529411764,0.5882352941176471,2.34,9.86,8,18.2,10
BundesligaPlayer8,Bundesliga FC 4,Bundesliga,P,34,9,1,28.77,19.52,31,1.81,0.2647058823529412,0.029411764705882353,28.77,19.52,31,18.1,10
BundesligaPlayer9,Bundesliga FC 4,Bundesliga,D,14,15,9,2.61,1.72,15,2.13,1.0714285714285714,0.6428571428571429,2.61,1.72,15,21.299999999999997,10
BundesligaPlayer10,Bundesliga FC 4,Bundesliga,A,5,1,9,1.86,1.8,21,3.15,0.2,1.8,1.86,1.8,21,31.5,10
BundesligaPlayer11,Bundesliga FC 4,Bundesliga,C,20,11,1,14.21,14.58,15,2.11,0.55,0.05,14.21,14.58,15,21.099999999999998,10
BundesligaPlayer12,Bundesliga FC 4,Bundesliga,D,10,1,9,8.06,4.43,10,2.35,0.1,0.9,8.06,4.43,10,23.5,10
BundesligaPlayer13,Bundesliga FC 4,Bundesliga,C,22,3,2,16.78,9.18,40,1.59,0.13636363636363635,0.09090909090909091,16.78,9.18,40,15.9,10
BundesligaPlayer14,Bundesliga FC 4,Bundesliga,D,19,15,2,11.58,4.02,27,1.86,0.7894736842105263,0.10526315789473684,11.58,4.02,27,18.6,10
BundesligaPlayer5,Bundesliga FC 5,Bundesliga,D,38,1,7,22.57,4.43,24,0.98,0.02631578947368421,0.18421052631578946,22.57,4.43,24,9.8,10
BundesligaPlayer6,Bundesliga FC 5,Bundesliga,A,22,4,5,10.4,5.08,4,1.13,0.18181818181818182,0.22727272727272727,10.4,5.08,4,11.299999999999999,10
BundesligaPlayer7,Bundesliga FC 5,Bundesliga,P,22,9,8,17.41,7.47,10,1.95,0.4090909090909091,0.36363636363636365,17.41,7.47,10,19.5,10
BundesligaPlayer8,Bundesliga FC 5,Bundesliga,A,6,5,9,0.97,0.64,56,3.54,0.8333333333333334,1.5,0.97,0.64,56,35.4,10
BundesligaPlayer9,Bundesliga FC 5,Bundesliga,D,35,8,9,20.45,17.1,12,1.59,0.22857142857142856,0.2571428571428571,20.45,17.1,12,15.9,10
BundesligaPlayer10,Bundesliga FC 5,Bundesliga,C,21,8,9,12.32,8.64,25,1.93,0.38095238095238093,0.42857142857142855,12.32,8.64,25,19.3,10
BundesligaPlayer11,Bundesliga FC 5,Bundesliga,P,27,2,2,6.96,8.77,38,0.87,0.07407407407407407,0.07407407407407407,6.96,8.77,38,8.7,10
BundesligaPlayer12,Bundesliga FC 5,Bundesliga,A,20,7,0,8.32,6.3,24,1.2,0.35,0.0,8.32,6.3,24,12.0,10
BundesligaPlayer13,Bundesliga FC 5,Bundesliga,D,25,0,3,5.48,14.84,15,0.99,0.0,0.12,5.48,14.84,15,9.9,10
BundesligaPlayer14,Bundesliga FC 5,Bundesliga,D,10,3,8,7.96,5.93,38,2.87,0.3,0.8,7.96,5.93,38,28.700000000000003,10
BundesligaPlayer5,Bundesliga FC 6,Bundesliga,P,29,13,2,12.04,21.67,57,1.88,0.4482758620689655,0.06896551724137931,12.04,21.67,57,18.799999999999997,10
BundesligaPlayer6,Bundesliga FC 6,Bundesliga,C,7,9,7,3.46,5.34,54,4.31,1.2857142857142858,1.0,3.46,5.34,54,43.099999999999994,10
BundesligaPlayer7,Bundesliga FC 6,Bundesliga,A,33,8,2,13.74,20.04,4,1.34,0.24242424242424243,0.06060606060606061,13.74,20.04,4,13.4,10
BundesligaPlayer8,Bundesliga FC 6,Bundesliga,A,18,6,4,6.15,13.08,53,1.92,0.3333333333333333,0.2222222222222222,6.15,13.08,53,19.2,10
BundesligaPlayer9,Bundesliga FC 6,Bundesliga,A,26,2,3,14.8,14.68,18,1.4,0.07692307692307693,0.11538461538461539,14.8,14.68,18,14.0,10
BundesligaPlayer10,Bundesliga FC 6,Bundesliga,P,35,4,10,5.72,23.82,8,1.27,0.11428571428571428,0.2857142857142857,5.72,23.82,8,12.7,10
BundesligaPlayer11,Bundesliga FC 6,Bundesliga,P,9,3,0,7.17,3.57,34,1.9,0.3333333333333333,0.0,7.17,3.57,34,19.0,10
BundesligaPlayer12,Bundesliga FC 6,Bundesliga,A,37,13,0,13.69,29.29,41,1.62,0.35135135135135137,0.0,13.69,29.29,41,16.200000000000003,10
BundesligaPlayer13,Bundesliga FC 6,Bundesliga,D,30,7,10,16.19,12.36,48,1.68,0.23333333333333334,0.3333333333333333,16.19,12.36,48,16.8,10
BundesligaPlayer14,Bundesliga FC 6,Bundesliga,P,22,2,3,14.9,5.75,12,1.22,0.09090909090909091,0.13636363636363635,14.9,5.75,12,12.2,10
BundesligaPlayer5,Bundesliga FC 7,Bundesliga,C,19,9,9,10.92,12.34,26,2.31,0.47368421052631576,0.47368421052631576,10.92,12.34,26,23.1,10
BundesligaPlayer6,Bundesliga FC 7,Bundesliga,D,35,12,7,20.99,21.83,18,1.82,0.34285714285714286,0.2,20.99,21.83,18,18.2,10
BundesligaPlayer7,Bundesliga FC 7,Bundesliga,D,37,12,3,8.22,12.61,58,1.13,0.32432432432432434,0.08108108108108109,8.22,12.61,58,11.299999999999999,10
BundesligaPlayer8,Bundesliga FC 7,Bundesliga,P,5,7,2,3.05,3.71,56,4.27,1.4,0.4,3.05,3.71,56,42.699999999999996,10
BundesligaPlayer9,Bundesliga FC 7,Bundesliga,D,13,8,1,7.64,6.13,58,2.2,0.6153846153846154,0.07692307692307693,7.64,6.13,58,22.0,10
BundesligaPlayer10,Bundesliga FC 7,Bundesliga,C,6,5,3,1.52,4.04,1,2.28,0.8333333333333334,0.5,1.52,4.04,1,22.799999999999997,10
BundesligaPlayer11,Bundesliga FC 7,Bundesliga,D,36,12,5,19.14,19.79,43,1.67,0.3333333333333333,0.1388888888888889,19.14,19.79,43,16.7,10
BundesligaPlayer12,Bundesliga FC 7,Bundesliga,C,27,5,6,8.9,7.12,25,1.09,0.18518518518518517,0.2222222222222222,8.9,7.12,25,10.9,10
BundesligaPlayer13,Bundesliga FC 7,Bundesliga,P,11,0,8,4.65,6.43,8,1.81,0.0,0.7272727272727273,4.65,6.43,8,18.1,10
BundesligaPlayer14,Bundesliga FC 7,Bundesliga,C,6,6,5,1.19,4.8,36,3.43,1.0,0.8333333333333334,1.19,4.8,36,34.300000000000004,10
BundesligaPlayer5,Bundesliga FC 8,Bundesliga,D,33,13,10,29.39,14.97,57,2.21,0.3939393939393939,0.30303030303030304,29.39,14.97,57,22.1,10
BundesligaPlayer6,Bundesliga FC 8,Bundesliga,C,6,13,10,1.23,3.1,55,5.47,2.1666666666666665,1.6666666666666667,1.23,3.1,55,54.699999999999996,10
BundesligaPlayer7,Bundesliga FC 8,Bundesliga,A,25,11,3,19.86,3.59,13,1.55,0.44,0.12,19.86,3.59,13,15.5,10
BundesligaPlayer8,Bundesliga FC 8,Bundesliga,C,13,6,7,4.96,2.06,0,1.54,0.46153846153846156,0.5384615384615384,4.96,2.06,0,15.4,10
BundesligaPlayer9,Bundesliga FC 8,Bundesliga,C,35,9,7,22.64,20.92,30,1.79,0.2571428571428571,0.2,22.64,20.92,30,17.9,10
BundesligaPlayer10,Bundesliga FC 8,Bundesliga,P,29,12,6,23.32,5.19,43,1.75,0.41379310344827586,0.20689655172413793,23.32,5.19,43,17.5,10
BundesligaPlayer11,Bundesliga FC 8,Bundesliga,D,24,7,4,20.28,11.43,27,1.89,0.2916666666666667,0.16666666666666666,20.28,11.43,27,18.9,10
BundesligaPlayer12,Bundesliga FC 8,Bundesliga,A,30,3,0,23.18,4.37,19,1.08,0.1,0.0,23.18,4.37,19,10.8,10
BundesligaPlayer13,Bundesliga FC 8,Bundesliga,C,36,12,10,26.11,4.31,2,1.46,0.3333333333333333,0.2777777777777778,26.11,4.31,2,14.6,10
BundesligaPlayer14,Bundesliga FC 8,Bundesliga,C,37,14,4,27.87,24.44,26,1.97,0.3783783783783784,0.10810810810810811,27.87,24.44,26,19.7,10
BundesligaPlayer5,Bundesliga FC 9,Bundesliga,P,16,15,1,12.38,7.57,40,2.5,0.9375,0.0625,12.38,7.57,40,25.0,10
BundesligaPlayer6,Bundesliga FC 9,Bundesliga,C,11,5,8,6.78,1.93,40,2.34,0.45454545454545453,0.7272727272727273,6.78,1.93,40,23.4,10
BundesligaPlayer7,Bundesliga FC 9,Bundesliga,A,37,1,5,29.16,23.24,6,1.59,0.02702702702702703,0.13513513513513514,29.16,23.24,6,15.9,10
BundesligaPlayer8,Bundesliga FC 9,Bundesliga,A,36,11,2,31.17,8.91,15,1.52,0.3055555555555556,0.05555555555555555,31.17,8.91,15,15.2,10
BundesligaPlayer9,Bundesliga FC 9,Bundesliga,C,16,10,9,10.24,9.92,2,2.46,0.625,0.5625,10.24,9.92,2,24.6,10
BundesligaPlayer10,Bundesliga FC 9,Bundesliga,D,23,9,5,10.34,11.91,31,1.71,0.391304347826087,0.21739130434782608,10.34,11.91,31,17.1,10
BundesligaPlayer11,Bundesliga FC 9,Bundesliga,D,15,7,3,13.38,4.87,57,2.26,0.4666666666666667,0.2,13.38,4.87,57,22.599999999999998,10
BundesligaPlayer12,Bundesliga FC 9,Bundesliga,C,30,4,7,14.52,11.79,45,1.39,0.13333333333333333,0.23333333333333334,14.52,11.79,45,13.899999999999999,10
BundesligaPlayer13,Bundesliga FC 9,Bundesliga,D,35,0,2,20.79,13.56,57,1.2,0.0,0.05714285714285714,20.79,13.56,57,12.0,10
BundesligaPlayer14,Bundesliga FC 9,Bundesliga,A,13,11,9,5.52,5.79,19,2.55,0.8461538461538461,0.6923076923076923,5.52,5.79,19,25.5,10
BundesligaPlayer5,Bundesliga FC 10,Bundesliga,P,26,3,0,15.48,2.76,31,0.94,0.11538461538461539,0.0,15.48,2.76,31,9.399999999999999,10
BundesligaPlayer6,Bundesliga FC 10,Bundesliga,P,37,13,6,21.18,16.28,27,1.6,0.35135135135135137,0.16216216216216217,21.18,16.28,27,16.0,10
BundesligaPlayer7,Bundesliga FC 10,Bundesliga,P,8,3,9,5.13,3.11,2,2.55,0.375,1.125,5.13,3.11,2,25.5,10
BundesligaPlayer8,Bundesliga FC 10,Bundesliga,C,7,12,5,5.64,3.71,6,3.85,1.7142857142857142,0.7142857142857143,5.64,3.71,6,38.5,10
BundesligaPlayer9,Bundesliga FC 10,Bundesliga,D,34,15,4,10.69,15.75,6,1.35,0.4411764705882353,0.11764705882352941,10.69,15.75,6,13.5,10
BundesligaPlayer10,Bundesliga FC 10,Bundesliga,P,32,13,8,22.2,8.85,7,1.65,0.40625,0.25,22.2,8.85,7,16.5,10
BundesligaPlayer11,Bundesliga FC 10,Bundesliga,P,33,3,2,4.27,18.57,10,0.87,0.09090909090909091,0.06060606060606061,4.27,18.57,10,8.7,10
BundesligaPlayer12,Bundesliga FC 10,Bundesliga,P,10,9,2,6.87,7.64,5,2.6,0.9,0.2,6.87,7.64,5,26.0,10
BundesligaPlayer13,Bundesliga FC 10,Bundesliga,P,35,1,8,29.33,25.57,1,1.83,0.02857142857142857,0.22857142857142856,29.33,25.57,1,18.3,10
BundesligaPlayer14,Bundesliga FC 10,Bundesliga,D,15,8,5,6.75,9.64,9,2.02,0.5333333333333333,0.3333333333333333,6.75,9.64,9,20.2,10
LiguePlayer5,Ligue 1 FC 1,Ligue 1,D,36,8,5,3.87,24.56,38,1.26,0.2222222222222222,0.1388888888888889,3.87,24.56,38,12.6,10
LiguePlayer6,Ligue 1 FC 1,Ligue 1,P,12,12,7,2.25,4.67,35,2.45,1.0,0.5833333333333334,2.25,4.67,35,24.5,10
LiguePlayer7,Ligue 1 FC 1,Ligue 1,A,32,12,1,27.76,17.26,60,2.0,0.375,0.03125,27.76,17.26,60,20.0,10
LiguePlayer8,Ligue 1 FC 1,Ligue 1,P,23,11,7,13.51,15.22,9,2.07,0.4782608695652174,0.30434782608695654,13.51,15.22,9,20.7,10
LiguePlayer9,Ligue 1 FC 1,Ligue 1,D,13,4,6,3.09,8.6,60,2.13,0.3076923076923077,0.46153846153846156,3.09,8.6,60,21.299999999999997,10
LiguePlayer10,Ligue 1 FC 1,Ligue 1,D,27,11,5,18.36,10.27,9,1.69,0.4074074074074074,0.18518518518518517,18.36,10.27,9,16.9,10
LiguePlayer11,Ligue 1 FC 1,Ligue 1,P,19,5,9,16.34,10.21,15,2.21,0.2631578947368421,0.47368421052631576,16.34,10.21,15,22.1,10
LiguePlayer12,Ligue 1 FC 1,Ligue 1,A,31,5,5,7.34,3.24,6,0.68,0.16129032258064516,0.16129032258064516,7.34,3.24,6,6.800000000000001,10
LiguePlayer13,Ligue 1 FC 1,Ligue 1,P,5,13,6,0.67,2.72,13,4.74,2.6,1.2,0.67,2.72,13,47.400000000000006,10
LiguePlayer14,Ligue 1 FC 1,Ligue 1,D,9,11,4,6.62,1.23,11,2.66,1.2222222222222223,0.4444444444444444,6.62,1.23,11,26.6,10
LiguePlayer5,Ligue 1 FC 2,Ligue 1,C,33,2,5,16.66,25.25,22,1.55,0.06060606060606061,0.15151515151515152,16.66,25.25,22,15.5,10
LiguePlayer6,Ligue 1 FC 2,Ligue 1,A,9,12,3,1.82,1.86,60,2.74,1.3333333333333333,0.3333333333333333,1.82,1.86,60,27.400000000000002,10
LiguePlayer7,Ligue 1 FC 2,Ligue 1,A,27,2,10,8.57,15.07,47,1.49,0.07407407407407407,0.37037037037037035,8.57,15.07,47,14.9,10
LiguePlayer8,Ligue 1 FC 2,Ligue 1,P,37,9,10,9.85,13.23,33,1.23,0.24324324324324326,0.2702702702702703,9.85,13.23,33,12.3,10
LiguePlayer9,Ligue 1 FC 2,Ligue 1,C,34,10,4,9.91,21.53,5,1.35,0.29411764705882354,0.11764705882352941,9.91,21.53,5,13.5,10
LiguePlayer10,Ligue 1 FC 2,Ligue 1,C,21,8,7,4.01,9.89,53,1.63,0.38095238095238093,0.3333333333333333,4.01,9.89,53,16.299999999999997,10
LiguePlayer11,Ligue 1 FC 2,Ligue 1,C,23,4,9,4.07,13.07,8,1.35,0.17391304347826086,0.391304347826087,4.07,13.07,8,13.5,10
LiguePlayer12,Ligue 1 FC 2,Ligue 1,A,28,14,2,16.8,10.98,17,1.62,0.5,0.07142857142857142,16.8,10.98,17,16.200000000000003,10
LiguePlayer13,Ligue 1 FC 2,Ligue 1,P,30,9,10,5.45,5.83,59,1.21,0.3,0.3333333333333333,5.45,5.83,59,12.1,10
LiguePlayer14,Ligue 1 FC 2,Ligue 1,P,11,13,0,9.68,2.26,18,2.43,1.1818181818181819,0.0,9.68,2.26,18,24.3,10
LiguePlayer5,Ligue 1 FC 3,Ligue 1,P,29,3,10,21.97,14.97,45,1.88,0.10344827586206896,0.3448275862068966,21.97,14.97,45,18.799999999999997,10
LiguePlayer6,Ligue 1 FC 3,Ligue 1,P,13,6,4,1.52,6.38,16,1.5,0.46153846153846156,0.3076923076923077,1.52,6.38,16,15.0,10
LiguePlayer7,Ligue 1 FC 3,Ligue 1,A,19,3,2,11.7,6.56,9,1.27,0.15789473684210525,0.10526315789473684,11.7,6.56,9,12.7,10
LiguePlayer8,Ligue 1 FC 3,Ligue 1,A,14,6,1,1.71,3.91,34,1.14,0.42857142857142855,0.07142857142857142,1.71,3.91,34,11.399999999999999,10
LiguePlayer9,Ligue 1 FC 3,Ligue 1,A,30,3,9,4.01,14.94,31,1.14,0.1,0.3,4.01,14.94,31,11.399999999999999,10
LiguePlayer10,Ligue 1 FC 3,Ligue 1,D,5,2,4,1.05,1.02,36,2.33,0.4,0.8,1.05,1.02,36,23.3,10
LiguePlayer11,Ligue 1 FC 3,Ligue 1,D,29,15,6,17.66,14.82,4,1.86,0.5172413793103449,0.20689655172413793,17.66,14.82,4,18.6,10
LiguePlayer12,Ligue 1 FC 3,Ligue 1,A,12,12,10,6.82,3.43,0,2.69,1.0,0.8333333333333334,6.82,3.43,0,26.9,10
LiguePlayer13,Ligue 1 FC 3,Ligue 1,A,26,2,3,5.93,15.31,11,1.05,0.07692307692307693,0.11538461538461539,5.93,15.31,11,10.5,10
LiguePlayer14,Ligue 1 FC 3,Ligue 1,C,8,11,2,4.99,6.15,46,3.59,1.375,0.25,4.99,6.15,46,35.9,10
LiguePlayer5,Ligue 1 FC 4,Ligue 1,A,35,0,7,3.9,19.59,14,0.91,0.0,0.2,3.9,19.59,14,9.1,10
LiguePlayer6,Ligue 1 FC 4,Ligue 1,A,32,13,4,26.48,22.59,40,2.19,0.40625,0.125,26.48,22.59,40,21.9,10
LiguePlayer7,Ligue 1 FC 4,Ligue 1,D,14,2,2,4.01,9.89,57,1.69,0.14285714285714285,0.14285714285714285,4.01,9.89,57,16.9,10
LiguePlayer8,Ligue 1 FC 4,Ligue 1,A,36,4,5,10.78,11.66,7,0.89,0.1111111111111111,0.1388888888888889,10.78,11.66,7,8.9,10
LiguePlayer9,Ligue 1 FC 4,Ligue 1,A,36,1,8,19.66,4.29,4,0.93,0.027777777777777776,0.2222222222222222,19.66,4.29,4,9.3,10
LiguePlayer10,Ligue 1 FC 4,Ligue 1,P,13,12,8,10.41,2.4,33,2.78,0.9230769230769231,0.6153846153846154,10.41,2.4,33,27.799999999999997,10
LiguePlayer11,Ligue 1 FC 4,Ligue 1,C,26,14,8,20.34,15.69,2,2.24,0.5384615384615384,0.3076923076923077,20.34,15.69,2,22.400000000000002,10
LiguePlayer12,Ligue 1 FC 4,Ligue 1,P,36,11,0,8.48,22.54,0,1.17,0.3055555555555556,0.0,8.48,22.54,0,11.7,10
LiguePlayer13,Ligue 1 FC 4,Ligue 1,P,35,2,10,14.4,26.23,18,1.56,0.05714285714285714,0.2857142857142857,14.4,26.23,18,15.600000000000001,10
LiguePlayer14,Ligue 1 FC 4,Ligue 1,D,18,5,8,4.08,6.71,55,1.63,0.2777777777777778,0.4444444444444444,4.08,6.71,55,16.299999999999997,10
LiguePlayer5,Ligue 1 FC 5,Ligue 1,C,5,9,8,4.17,1.73,36,5.3,1.8,1.6,4.17,1.73,36,53.0,10
LiguePlayer6,Ligue 1 FC 5,Ligue 1,C,38,3,7,29.01,7.79,20,1.28,0.07894736842105263,0.18421052631578946,29.01,7.79,20,12.8,10
LiguePlayer7,Ligue 1 FC 5,Ligue 1,A,36,9,4,12.72,26.09,51,1.58,0.25,0.1111111111111111,12.72,26.09,51,15.8,10
LiguePlayer8,Ligue 1 FC 5,Ligue 1,A,23,14,3,11.05,2.88,59,1.6,0.6086956521739131,0.13043478260869565,11.05,2.88,59,16.0,10
LiguePlayer9,Ligue 1 FC 5,Ligue 1,C,35,11,5,31.22,22.73,5,2.01,0.3142857142857143,0.14285714285714285,31.22,22.73,5,20.099999999999998,10
LiguePlayer10,Ligue 1 FC 5,Ligue 1,D,14,1,3,11.53,6.17,42,1.85,0.07142857142857142,0.21428571428571427,11.53,6.17,42,18.5,10
LiguePlayer11,Ligue 1 FC 5,Ligue 1,A,30,3,8,19.77,19.44,40,1.81,0.1,0.26666666666666666,19.77,19.44,40,18.1,10
LiguePlayer12,Ligue 1 FC 5,Ligue 1,C,5,15,2,2.49,3.64,46,5.55,3.0,0.4,2.49,3.64,46,55.5,10
LiguePlayer13,Ligue 1 FC 5,Ligue 1,D,22,2,2,16.05,9.86,35,1.52,0.09090909090909091,0.09090909090909091,16.05,9.86,35,15.2,10
LiguePlayer14,Ligue 1 FC 5,Ligue 1,C,7,4,10,3.05,4.61,4,3.15,0.5714285714285714,1.4285714285714286,3.05,4.61,4,31.5,10
LiguePlayer5,Ligue 1 FC 6,Ligue 1,P,35,6,2,16.58,11.98,44,1.17,0.17142857142857143,0.05714285714285714,16.58,11.98,44,11.7,10
LiguePlayer6,Ligue 1 FC 6,Ligue 1,D,18,10,10,4.61,9.9,37,2.12,0.5555555555555556,0.5555555555555556,4.61,9.9,37,21.200000000000003,10
LiguePlayer7,Ligue 1 FC 6,Ligue 1,A,36,1,5,7.95,4.56,39,0.62,0.027777777777777776,0.1388888888888889,7.95,4.56,39,6.2,10
LiguePlayer8,Ligue 1 FC 6,Ligue 1,D,23,4,5,3.17,9.95,48,1.17,0.17391304347826086,0.21739130434782608,3.17,9.95,48,11.7,10
LiguePlayer9,Ligue 1 FC 6,Ligue 1,C,24,3,4,11.79,5.44,41,1.18,0.125,0.16666666666666666,11.79,5.44,41,11.799999999999999,10
LiguePlayer10,Ligue 1 FC 6,Ligue 1,P,37,9,2,14.71,15.96,23,1.19,0.24324324324324326,0.05405405405405406,14.71,15.96,23,11.899999999999999,10
LiguePlayer11,Ligue 1 FC 6,Ligue 1,A,29,12,2,24.88,10.67,8,1.74,0.41379310344827586,0.06896551724137931,24.88,10.67,8,17.4,10
LiguePlayer12,Ligue 1 FC 6,Ligue 1,A,30,3,1,20.4,12.58,44,1.38,0.1,0.03333333333333333,20.4,12.58,44,13.799999999999999,10
LiguePlayer13,Ligue 1 FC 6,Ligue 1,A,35,1,2,14.53,22.72,11,1.18,0.02857142857142857,0.05714285714285714,14.53,22.72,11,11.799999999999999,10
LiguePlayer14,Ligue 1 FC 6,Ligue 1,D,16,13,2,14.11,4.84,31,2.32,0.8125,0.125,14.11,4.84,31,23.2,10
LiguePlayer5,Ligue 1 FC 7,Ligue 1,C,28,7,4,22.55,20.07,21,1.99,0.25,0.14285714285714285,22.55,20.07,21,19.9,10
LiguePlayer6,Ligue 1 FC 7,Ligue 1,D,15,13,3,6.89,4.65,41,2.11,0.8666666666666667,0.2,6.89,4.65,41,21.099999999999998,10
LiguePlayer7,Ligue 1 FC 7,Ligue 1,D,38,15,3,17.02,11.58,2,1.23,0.39473684210526316,0.07894736842105263,17.02,11.58,2,12.3,10
LiguePlayer8,Ligue 1 FC 7,Ligue 1,A,34,14,4,5.34,16.92,37,1.29,0.4117647058823529,0.11764705882352941,5.34,16.92,37,12.9,10
LiguePlayer9,Ligue 1 FC 7,Ligue 1,P,9,0,5,5.92,1.67,3,1.43,0.0,0.5555555555555556,5.92,1.67,3,14.299999999999999,10
LiguePlayer10,Ligue 1 FC 7,Ligue 1,A,9,8,6,6.03,2.51,32,2.86,0.8888888888888888,0.6666666666666666,6.03,2.51,32,28.599999999999998,10
LiguePlayer11,Ligue 1 FC 7,Ligue 1,P,32,14,9,26.91,7.46,28,1.88,0.4375,0.28125,26.91,7.46,28,18.799999999999997,10
LiguePlayer12,Ligue 1 FC 7,Ligue 1,A,10,15,8,6.63,6.46,24,3.85,1.5,0.8,6.63,6.46,24,38.5,10
LiguePlayer13,Ligue 1 FC 7,Ligue 1,P,36,3,6,20.37,6.99,20,1.07,0.08333333333333333,0.16666666666666666,20.37,6.99,20,10.700000000000001,10
LiguePlayer14,Ligue 1 FC 7,Ligue 1,A,28,15,1,13.96,7.13,45,1.49,0.5357142857142857,0.03571428571428571,13.96,7.13,45,14.9,10
LiguePlayer5,Ligue 1 FC 8,Ligue 1,C,6,5,2,4.94,4.26,20,3.03,0.8333333333333334,0.3333333333333333,4.94,4.26,20,30.299999999999997,10
LiguePlayer6,Ligue 1 FC 8,Ligue 1,D,25,5,7,6.08,17.42,39,1.58,0.2,0.28,6.08,17.42,39,15.8,10
LiguePlayer7,Ligue 1 FC 8,Ligue 1,P,16,14,8,9.53,7.85,60,2.84,0.875,0.5,9.53,7.85,60,28.4,10
LiguePlayer8,Ligue 1 FC 8,Ligue 1,D,21,0,1,7.15,8.07,3,0.79,0.0,0.047619047619047616,7.15,8.07,3,7.9,10
LiguePlayer9,Ligue 1 FC 8,Ligue 1,A,15,9,3,6.78,1.78,20,1.5,0.6,0.2,6.78,1.78,20,15.0,10
LiguePlayer10,Ligue 1 FC 8,Ligue 1,D,8,12,5,4.51,5.49,43,3.91,1.5,0.625,4.51,5.49,43,39.1,10
LiguePlayer11,Ligue 1 FC 8,Ligue 1,P,31,2,7,24.36,15.91,60,1.78,0.06451612903225806,0.22580645161290322,24.36,15.91,60,17.8,10
LiguePlayer12,Ligue 1 FC 8,Ligue 1,D,32,10,3,18.0,4.96,32,1.22,0.3125,0.09375,18.0,4.96,32,12.2,10
LiguePlayer13,Ligue 1 FC 8,Ligue 1,P,27,15,2,20.13,17.6,10,2.06,0.5555555555555556,0.07407407407407407,20.13,17.6,10,20.6,10
LiguePlayer14,Ligue 1 FC 8,Ligue 1,C,20,11,8,6.2,11.96,36,2.04,0.55,0.4,6.2,11.96,36,20.4,10
LiguePlayer5,Ligue 1 FC 9,Ligue 1,D,36,2,4,8.6,26.39,37,1.24,0.05555555555555555,0.1111111111111111,8.6,26.39,37,12.4,10
LiguePlayer6,Ligue 1 FC 9,Ligue 1,D,22,7,4,12.81,5.55,22,1.43,0.3181818181818182,0.18181818181818182,12.81,5.55,22,14.299999999999999,10
LiguePlayer7,Ligue 1 FC 9,Ligue 1,A,8,11,5,5.57,4.2,4,3.27,1.375,0.625,5.57,4.2,4,32.7,10
LiguePlayer8,Ligue 1 FC 9,Ligue 1,C,38,15,3,8.9,15.62,60,1.28,0.39473684210526316,0.07894736842105263,8.9,15.62,60,12.8,10
LiguePlayer9,Ligue 1 FC 9,Ligue 1,C,33,13,2,23.98,4.59,24,1.39,0.3939393939393939,0.06060606060606061,23.98,4.59,24,13.899999999999999,10
LiguePlayer10,Ligue 1 FC 9,Ligue 1,C,24,8,3,6.1,2.5,48,1.02,0.3333333333333333,0.125,6.1,2.5,48,10.2,10
LiguePlayer11,Ligue 1 FC 9,Ligue 1,D,30,0,2,19.55,7.57,59,1.17,0.0,0.06666666666666667,19.55,7.57,59,11.7,10
LiguePlayer12,Ligue 1 FC 9,Ligue 1,A,31,9,10,8.6,12.88,26,1.39,0.2903225806451613,0.3225806451612903,8.6,12.88,26,13.899999999999999,10
LiguePlayer13,Ligue 1 FC 9,Ligue 1,C,32,7,4,22.78,14.04,31,1.59,0.21875,0.125,22.78,14.04,31,15.9,10
LiguePlayer14,Ligue 1 FC 9,Ligue 1,D,26,8,9,7.5,19.79,19,1.78,0.3076923076923077,0.34615384615384615,7.5,19.79,19,17.8,10
LiguePlayer5,Ligue 1 FC 10,Ligue 1,D,9,5,1,5.88,1.39,50,2.03,0.5555555555555556,0.1111111111111111,5.88,1.39,50,20.299999999999997,10
LiguePlayer6,Ligue 1 FC 10,Ligue 1,C,6,11,3,1.94,1.64,8,3.06,1.8333333333333333,0.5,1.94,1.64,8,30.6,10
LiguePlayer7,Ligue 1 FC 10,Ligue 1,A,20,11,1,3.88,14.15,44,1.72,0.55,0.05,3.88,14.15,44,17.2,10
LiguePlayer8,Ligue 1 FC 10,Ligue 1,D,8,9,10,2.96,5.49,60,4.18,1.125,1.25,2.96,5.49,60,41.8,10
LiguePlayer9,Ligue 1 FC 10,Ligue 1,P,29,3,2,3.92,7.99,41,0.72,0.10344827586206896,0.06896551724137931,3.92,7.99,41,7.199999999999999,10
LiguePlayer10,Ligue 1 FC 10,Ligue 1,P,17,5,2,4.59,7.66,35,1.34,0.29411764705882354,0.11764705882352941,4.59,7.66,35,13.4,10
LiguePlayer11,Ligue 1 FC 10,Ligue 1,D,19,6,10,5.31,12.1,4,1.78,0.3157894736842105,0.5263157894736842,5.31,12.1,4,17.8,10
LiguePlayer12,Ligue 1 FC 10,Ligue 1,A,18,9,7,13.89,3.36,54,2.15,0.5,0.3888888888888889,13.89,3.36,54,21.5,10
LiguePlayer13,Ligue 1 FC 10,Ligue 1,D,10,7,9,1.37,5.57,24,2.53,0.7,0.9,1.37,5.57,24,25.299999999999997,10
LiguePlayer14,Ligue 1 FC 10,Ligue 1,A,21,4,10,9.64,12.1,16,1.78,0.19047619047619047,0.47619047619047616,9.64,12.1,16,17.8,10
